nombre de noeuds,nombre d'aretes,degre moyen,degre minimal,degre maximal,distance moyenne,dynamique de propagation,proportion propagation,nombre de honeypots,nombre de smart honeypots,probabilite I -> S,probabilite S -> R,degre du noeud source,nombre inf 5,nombre res 5,epidemic peak,time to extinction
87,245,5.632183908045977,4,10,3.9730018711574444,1,-1,12,0,0.08038504925644233,0.01969255952392367,5,11,10,70,355
87,245,5.632183908045977,4,10,3.9730018711574444,1,-1,12,0,0.2763668718306902,0.043398847439025445,5,8,11,52,58
87,245,5.632183908045977,4,10,3.9730018711574444,1,-1,12,0,0.2835697851894939,0.08109160194113002,6,5,27,10,16
87,245,5.632183908045977,4,10,3.9730018711574444,1,-1,12,0,0.023244624341089017,0.0016551258107027863,10,11,0,86,16559
87,245,5.632183908045977,4,10,3.9730018711574444,1,-1,12,0,0.04613178595286193,0.007792640583702739,4,4,5,79,1969
87,245,5.632183908045977,4,10,3.9730018711574444,1,-1,12,0,0.048600649750338294,0.06555148118953269,9,0,4,0,1
87,245,5.632183908045977,4,10,3.9730018711574444,1,-1,12,0,0.1215734030103906,0.09922220269862964,10,8,22,38,40
87,245,5.632183908045977,4,10,3.9730018711574444,1,-1,12,0,0.25932478749918036,0.002716928621881929,4,2,0,81,1145
87,245,5.632183908045977,4,10,3.9730018711574444,1,-1,12,0,0.18302935526798383,0.03324470116634739,4,12,8,59,118
87,245,5.632183908045977,4,10,3.9730018711574444,1,-1,12,0,0.10974428344820089,0.0034337467535168597,5,12,1,83,1916
87,245,5.632183908045977,4,10,3.9730018711574444,1,-1,12,0,0.02416018471910071,0.05665556927824164,9,10,15,40,246
87,245,5.632183908045977,4,10,3.9730018711574444,1,-1,12,0,0.11952909021807434,0.09809023162380721,6,6,26,17,46
87,245,5.632183908045977,4,10,3.9730018711574444,1,-1,12,0,0.2701271398687873,0.018348948642923166,7,2,5,66,163
87,245,5.632183908045977,4,10,3.9730018711574444,1,-1,12,0,0.2864463571253014,0.049352311599651484,6,7,12,34,36
87,245,5.632183908045977,4,10,3.9730018711574444,1,-1,12,0,0.21585098036386882,0.03381543414839083,6,9,14,57,92
87,245,5.632183908045977,4,10,3.9730018711574444,1,-1,12,0,0.11608897497102222,0.014518803944875158,4,12,6,65,319
87,245,5.632183908045977,4,10,3.9730018711574444,1,-1,12,0,0.060629697634630865,0.04244717437189918,7,9,15,48,166
87,245,5.632183908045977,4,10,3.9730018711574444,1,-1,12,0,0.2491608113899601,0.08862780047909906,4,10,27,20,23
87,245,5.632183908045977,4,10,3.9730018711574444,1,-1,12,0,0.17936453255451687,0.037160698044123655,4,12,12,50,104
87,245,5.632183908045977,4,10,3.9730018711574444,1,-1,12,0,0.041729683282473014,0.09502049152419717,6,8,32,12,55
87,245,5.632183908045977,4,10,3.9730018711574444,1,-1,12,0,0.16229368084362153,0.022171040042778197,5,7,5,66,161
87,245,5.632183908045977,4,10,3.9730018711574444,1,-1,12,0,0.25617686320899885,0.09553753893362056,7,6,28,17,20
87,245,5.632183908045977,4,10,3.9730018711574444,1,-1,12,0,0.15498708878599593,0.05226299692645582,5,6,13,39,70
87,245,5.632183908045977,4,10,3.9730018711574444,1,-1,12,0,0.20798548145414691,0.0016359879290022046,6,4,0,86,2817
87,245,5.632183908045977,4,10,3.9730018711574444,1,-1,12,0,0.19009602600623987,0.05955866623190718,5,8,15,33,52
87,245,5.632183908045977,4,10,3.9730018711574444,1,-1,12,0,0.25146904571117074,0.02421971869626713,4,7,4,63,116
87,245,5.632183908045977,4,10,3.9730018711574444,1,-1,12,0,0.20044254889019553,0.010834462591071205,4,10,2,79,510
87,245,5.632183908045977,4,10,3.9730018711574444,1,-1,12,0,0.051709774938631055,0.07005149815159543,9,9,22,42,125
87,245,5.632183908045977,4,10,3.9730018711574444,1,-1,12,0,0.05190140280515075,0.048659715332488106,7,8,18,56,208
87,245,5.632183908045977,4,10,3.9730018711574444,1,-1,12,0,0.10775432969192208,0.010191643147593792,5,15,4,81,710
87,245,5.632183908045977,4,10,3.9730018711574444,1,-1,12,0,0.1111758196766257,0.025794848124047177,5,11,6,63,194
87,245,5.632183908045977,4,10,3.9730018711574444,1,-1,12,0,0.16255390874172437,0.06837122123968155,6,11,15,45,82
87,245,5.632183908045977,4,10,3.9730018711574444,1,-1,12,0,0.035475731985831205,0.007397818378069984,4,9,2,80,2998
87,245,5.632183908045977,4,10,3.9730018711574444,1,-1,12,0,0.20754281248939907,0.05666770316954551,6,11,18,47,59
87,245,5.632183908045977,4,10,3.9730018711574444,1,-1,12,0,0.2202164070767891,0.0817258280018685,10,6,21,15,27
87,245,5.632183908045977,4,10,3.9730018711574444,1,-1,12,0,0.11023936114467359,0.036796601588554564,6,11,8,65,211
87,245,5.632183908045977,4,10,3.9730018711574444,1,-1,12,0,0.2806935360712192,0.008479363423812624,5,13,3,78,285
87,245,5.632183908045977,4,10,3.9730018711574444,1,-1,12,0,0.1733990701684321,0.031070463541148063,5,8,11,64,148
87,245,5.632183908045977,4,10,3.9730018711574444,1,-1,12,0,0.06431955097112763,0.052901677644838274,5,9,17,58,226
87,245,5.632183908045977,4,10,3.9730018711574444,1,-1,12,0,0.07648695015700308,0.09786750866477881,5,0,12,0,1
87,245,5.632183908045977,4,10,3.9730018711574444,1,-1,12,0,0.14230393129998914,0.009621112311977952,5,2,6,71,544
87,245,5.632183908045977,4,10,3.9730018711574444,1,-1,12,0,0.20735558885693625,0.0715690298770429,7,6,16,23,37
87,245,5.632183908045977,4,10,3.9730018711574444,1,-1,12,0,0.188044012641507,0.04738983478799616,7,0,2,0,1
87,245,5.632183908045977,4,10,3.9730018711574444,1,-1,12,0,0.21982269217439887,0.05246836561269582,6,10,17,33,35
87,245,5.632183908045977,4,10,3.9730018711574444,1,-1,12,0,0.025167398935974743,0.010221714290870938,4,11,4,78,3230
87,245,5.632183908045977,4,10,3.9730018711574444,1,-1,12,0,0.016119007287725813,0.0561026846629985,4,10,20,39,431
87,245,5.632183908045977,4,10,3.9730018711574444,1,-1,12,0,0.100098470471034,0.021155719062570546,6,0,2,2,2
87,245,5.632183908045977,4,10,3.9730018711574444,1,-1,12,0,0.2553441564379763,0.046383415817120445,6,7,20,35,48
87,245,5.632183908045977,4,10,3.9730018711574444,1,-1,12,0,0.08641716372561746,0.061921981255340805,5,14,14,55,120
87,245,5.632183908045977,4,10,3.9730018711574444,1,-1,12,0,0.03900499431090473,0.0758231970064921,5,11,23,45,158
87,245,5.632183908045977,4,10,3.9730018711574444,1,-1,12,0,0.10127622495209171,0.06823337991447599,6,4,26,24,43
87,245,5.632183908045977,4,10,3.9730018711574444,1,-1,12,0,0.12563116324071874,0.06371732199573531,4,6,18,36,52
87,245,5.632183908045977,4,10,3.9730018711574444,1,-1,12,0,0.299163255673775,0.045158334788534434,4,9,20,33,37
87,245,5.632183908045977,4,10,3.9730018711574444,1,-1,12,0,0.23249584146750998,0.07260769509179887,4,2,22,24,36
87,245,5.632183908045977,4,10,3.9730018711574444,1,-1,12,0,0.11430283055755033,0.07222573640154321,8,14,19,45,56
87,245,5.632183908045977,4,10,3.9730018711574444,1,-1,12,0,0.1769644689452951,0.03349433543548356,4,6,8,65,192
87,245,5.632183908045977,4,10,3.9730018711574444,1,-1,12,0,0.04777406057917243,0.0617712517013515,4,11,18,41,162
87,245,5.632183908045977,4,10,3.9730018711574444,1,-1,12,0,0.17504411089288818,0.09264250010401374,6,14,24,35,48
87,245,5.632183908045977,4,10,3.9730018711574444,1,-1,12,0,0.03588626129441196,0.08377015401393381,5,10,25,33,159
87,245,5.632183908045977,4,10,3.9730018711574444,1,-1,12,0,0.27777845299905196,0.06759490555534187,6,5,30,7,12
87,245,5.632183908045977,4,10,3.9730018711574444,1,-1,12,0,0.12285748049673774,0.0926038897153039,5,9,30,30,38
87,245,5.632183908045977,4,10,3.9730018711574444,1,-1,12,0,0.2471744648507357,0.027977049369869996,5,10,11,59,97
87,245,5.632183908045977,4,10,3.9730018711574444,1,-1,12,0,0.06346433149237143,0.06020509956667975,7,0,11,2,2
87,245,5.632183908045977,4,10,3.9730018711574444,1,-1,12,0,0.06544200119732056,0.018077120219135028,7,9,8,68,510
87,245,5.632183908045977,4,10,3.9730018711574444,1,-1,12,0,0.06950284039035538,0.0424696135555457,7,7,15,49,179
87,245,5.632183908045977,4,10,3.9730018711574444,1,-1,12,0,0.24363045257230884,0.09469743012958,4,5,29,11,18
87,245,5.632183908045977,4,10,3.9730018711574444,1,-1,12,0,0.05597422079812666,0.043367789876401795,8,12,14,63,359
87,245,5.632183908045977,4,10,3.9730018711574444,1,-1,12,0,0.06303299892980445,0.02318656073454098,5,12,7,71,517
87,245,5.632183908045977,4,10,3.9730018711574444,1,-1,12,0,0.03166375062783059,0.060296866342025315,6,12,11,63,377
87,245,5.632183908045977,4,10,3.9730018711574444,1,-1,12,0,0.17114375711652652,0.02561029042402319,4,10,7,64,113
87,245,5.632183908045977,4,10,3.9730018711574444,1,-1,12,0,0.03974536461577718,0.04632042828631537,6,6,13,63,384
87,245,5.632183908045977,4,10,3.9730018711574444,1,-1,12,0,0.2948931315696418,0.04228179632549654,5,5,11,56,63
87,245,5.632183908045977,4,10,3.9730018711574444,1,-1,12,0,0.11377055354716015,0.045601801830666186,4,8,15,56,89
87,245,5.632183908045977,4,10,3.9730018711574444,1,-1,12,0,0.23247059316065025,0.028417198562040065,7,9,14,48,96
87,245,5.632183908045977,4,10,3.9730018711574444,1,-1,12,0,0.1480409960545455,0.03907104044713672,6,7,13,51,84
87,245,5.632183908045977,4,10,3.9730018711574444,1,-1,12,0,0.13479956190547138,0.008420323265595178,5,10,3,80,508
87,245,5.632183908045977,4,10,3.9730018711574444,1,-1,12,0,0.2022571891052903,0.02804172495688694,6,13,8,60,110
87,245,5.632183908045977,4,10,3.9730018711574444,1,-1,12,0,0.21094798741550808,0.001305349803169608,6,6,1,82,3091
87,245,5.632183908045977,4,10,3.9730018711574444,1,-1,12,0,0.23338153568452466,0.08445934607724147,7,9,27,22,31
87,245,5.632183908045977,4,10,3.9730018711574444,1,-1,12,0,0.026783549467099363,0.07282916262511181,10,12,25,42,196
87,245,5.632183908045977,4,10,3.9730018711574444,1,-1,12,0,0.09547892039917731,0.06592610960826924,7,9,23,35,82
87,245,5.632183908045977,4,10,3.9730018711574444,1,-1,12,0,0.07475004396536163,0.06598892035200957,5,9,18,36,107
87,245,5.632183908045977,4,10,3.9730018711574444,1,-1,12,0,0.24157697689565374,0.06216285691190527,4,14,15,52,49
87,245,5.632183908045977,4,10,3.9730018711574444,1,-1,12,0,0.03961716560884171,0.03725960119676815,4,13,11,61,354
87,245,5.632183908045977,4,10,3.9730018711574444,1,-1,12,0,0.2270999665110466,0.08915034305871035,7,0,16,2,2
87,245,5.632183908045977,4,10,3.9730018711574444,1,-1,12,0,0.019828597790014023,0.014105087411933448,7,8,3,77,2106
87,245,5.632183908045977,4,10,3.9730018711574444,1,-1,12,0,0.17318786213699924,0.043040657720118704,5,4,14,25,44
87,245,5.632183908045977,4,10,3.9730018711574444,1,-1,12,0,0.14626143008587872,0.043231985312122426,4,11,14,59,104
87,245,5.632183908045977,4,10,3.9730018711574444,1,-1,12,0,0.2517832364809311,0.04723782448379175,7,6,20,30,39
87,245,5.632183908045977,4,10,3.9730018711574444,1,-1,12,0,0.16573391681071842,0.0720113180816933,5,7,22,22,39
87,245,5.632183908045977,4,10,3.9730018711574444,1,-1,12,0,0.03372333514968557,0.026229125952312655,5,13,5,67,678
87,245,5.632183908045977,4,10,3.9730018711574444,1,-1,12,0,0.08557192350047296,0.06725440604602757,6,12,20,49,87
87,245,5.632183908045977,4,10,3.9730018711574444,1,-1,12,0,0.15691730997164294,0.09522383022926711,4,5,26,23,22
87,245,5.632183908045977,4,10,3.9730018711574444,1,-1,12,0,0.2594084801547131,0.08818069194475016,5,6,27,14,29
87,245,5.632183908045977,4,10,3.9730018711574444,1,-1,12,0,0.20588473766603796,0.08879158632892718,7,0,7,0,1
87,245,5.632183908045977,4,10,3.9730018711574444,1,-1,12,0,0.22250555467212665,0.01430952364799911,7,6,5,74,208
87,245,5.632183908045977,4,10,3.9730018711574444,1,-1,12,0,0.2664024344342467,0.056057376119290486,5,7,23,25,30
87,245,5.632183908045977,4,10,3.9730018711574444,1,-1,12,0,0.19925312917180205,0.03651396029696887,5,9,11,64,149
87,245,5.632183908045977,4,10,3.9730018711574444,1,-1,12,0,0.0807956135715548,0.001104060662092429,5,13,0,86,8574
87,245,5.632183908045977,4,10,3.9730018711574444,1,-1,12,0,0.12315035302216758,0.09065794551790242,10,3,27,11,26
87,245,5.632183908045977,4,10,3.9730018711574444,2,0.684777822657994,12,0,0.06234051428317851,0.06620420330786561,7,24,27,44,122
87,245,5.632183908045977,4,10,3.9730018711574444,2,0.10314628638797985,12,0,0.28289412467786984,0.0820101669625167,5,3,28,9,16
87,245,5.632183908045977,4,10,3.9730018711574444,2,0.8552867688968684,12,0,0.25420856866896957,0.01752032745122437,8,78,0,87,213
87,245,5.632183908045977,4,10,3.9730018711574444,2,0.26873969959410715,12,0,0.1431687710707476,0.06389821509783847,8,10,17,34,48
87,245,5.632183908045977,4,10,3.9730018711574444,2,0.11309141224001362,12,0,0.032627009138813584,0.020153808369288557,6,10,10,70,1145
87,245,5.632183908045977,4,10,3.9730018711574444,2,0.7702293997610317,12,0,0.1364042490888148,0.032941026635079744,6,45,10,74,203
87,245,5.632183908045977,4,10,3.9730018711574444,2,0.20420374183888346,12,0,0.0648650275188041,0.020961264880689116,5,22,3,79,521
87,245,5.632183908045977,4,10,3.9730018711574444,2,0.4449715188127985,12,0,0.06788378258159693,0.016378992135124802,4,30,6,77,632
87,245,5.632183908045977,4,10,3.9730018711574444,2,0.2625814856352797,12,0,0.12957180138031496,0.020083316362963802,4,14,5,79,287
87,245,5.632183908045977,4,10,3.9730018711574444,2,0.1322771385006275,12,0,0.17476092569703025,0.07660336754686353,6,10,26,27,33
87,245,5.632183908045977,4,10,3.9730018711574444,2,0.09966887004044866,12,0,0.08481522799091595,0.03408432154290567,5,9,12,63,231
87,245,5.632183908045977,4,10,3.9730018711574444,2,0.7515302394238561,12,0,0.24407655866777464,0.013397902059603499,5,35,4,81,408
87,245,5.632183908045977,4,10,3.9730018711574444,2,0.16745343946512448,12,0,0.24822164787981524,0.044743448907215676,5,13,9,55,63
87,245,5.632183908045977,4,10,3.9730018711574444,2,0.846511670219598,12,0,0.2094567191727965,0.03972845912658034,5,46,10,72,89
87,245,5.632183908045977,4,10,3.9730018711574444,2,0.17360436662860934,12,0,0.26271048578119766,0.04069410983237421,6,2,15,38,61
87,245,5.632183908045977,4,10,3.9730018711574444,2,0.802024147101317,12,0,0.04156896216818459,0.06571302670184286,5,37,12,71,371
87,245,5.632183908045977,4,10,3.9730018711574444,2,0.8533029052842156,12,0,0.22615317575477237,0.07231079615419031,7,20,16,55,58
87,245,5.632183908045977,4,10,3.9730018711574444,2,0.9422832779102142,12,0,0.24417317261262741,0.0035726116514442955,4,55,0,85,1106
87,245,5.632183908045977,4,10,3.9730018711574444,2,0.7079168333886354,12,0,0.01680646995484388,0.02123129303732678,6,50,3,81,2005
87,245,5.632183908045977,4,10,3.9730018711574444,2,0.08127636325709175,12,0,0.1354756744048384,0.07149160604828378,8,8,26,23,39
87,245,5.632183908045977,4,10,3.9730018711574444,2,0.9026331605491228,12,0,0.09844606096588517,0.09323075166232118,10,43,23,60,91
87,245,5.632183908045977,4,10,3.9730018711574444,2,0.24606640675848668,12,0,0.16794771056502833,0.03476206565294655,5,0,2,0,1
87,245,5.632183908045977,4,10,3.9730018711574444,2,0.3627757123084636,12,0,0.08018743731360069,0.04558353009327997,6,27,13,67,224
87,245,5.632183908045977,4,10,3.9730018711574444,2,0.08376524730625867,12,0,0.0918152842212952,0.036916401714194205,7,5,12,63,193
87,245,5.632183908045977,4,10,3.9730018711574444,2,0.9465874600536112,12,0,0.28968678321139885,0.05070088965599597,8,53,16,66,74
87,245,5.632183908045977,4,10,3.9730018711574444,2,0.2481782232313393,12,0,0.26098215848130923,0.05637005301376669,5,13,20,31,42
87,245,5.632183908045977,4,10,3.9730018711574444,2,0.7545120498505896,12,0,0.2171255600975596,0.0026786683486072307,6,37,0,87,1551
87,245,5.632183908045977,4,10,3.9730018711574444,2,0.2209332475552438,12,0,0.2530759678097805,0.07744778868858547,4,8,27,25,34
87,245,5.632183908045977,4,10,3.9730018711574444,2,0.9268440544649054,12,0,0.19940808560119042,0.003122727990252769,7,45,2,85,1849
87,245,5.632183908045977,4,10,3.9730018711574444,2,0.514934797180914,12,0,0.11409769226633248,0.04770778231705976,4,27,11,67,143
87,245,5.632183908045977,4,10,3.9730018711574444,2,0.1658631548782733,12,0,0.28300315613776234,0.07353883472837243,4,7,21,21,27
87,245,5.632183908045977,4,10,3.9730018711574444,2,0.6415976539156494,12,0,0.05630080610440222,0.0663120081757696,9,21,21,53,180
87,245,5.632183908045977,4,10,3.9730018711574444,2,0.11893111773123,12,0,0.14958172600703779,0.0396816438347028,5,13,10,57,94
87,245,5.632183908045977,4,10,3.9730018711574444,2,0.16607644270078847,12,0,0.019664847237601875,0.04026594713754558,5,8,14,54,543
87,245,5.632183908045977,4,10,3.9730018711574444,2,0.10407846682084632,12,0,0.16537677732285797,0.06569728823687193,8,9,11,46,69
87,245,5.632183908045977,4,10,3.9730018711574444,2,0.0603367700794073,12,0,0.07634555199551238,0.02458438876685764,4,12,7,69,315
87,245,5.632183908045977,4,10,3.9730018711574444,2,0.8702985216746977,12,0,0.0332123157826893,0.02351364368508381,5,40,8,76,969
87,245,5.632183908045977,4,10,3.9730018711574444,2,0.8064616047088771,12,0,0.16804810561955064,0.07883199710770078,5,33,23,56,79
87,245,5.632183908045977,4,10,3.9730018711574444,2,0.5025085882964193,12,0,0.10663655068346312,0.079134191090569,4,15,23,51,63
87,245,5.632183908045977,4,10,3.9730018711574444,2,0.5966107155047573,12,0,0.016946061499307472,0.02910109602239132,5,31,7,76,1465
87,245,5.632183908045977,4,10,3.9730018711574444,2,0.4032943317263554,12,0,0.033508431591786084,0.05991024519307921,6,16,23,47,257
87,245,5.632183908045977,4,10,3.9730018711574444,2,0.3746469996766667,12,0,0.0713890082909224,0.05183194880330353,6,19,18,55,151
87,245,5.632183908045977,4,10,3.9730018711574444,2,0.5963818202882488,12,0,0.17218121813541556,0.03885945012098876,6,29,11,66,138
87,245,5.632183908045977,4,10,3.9730018711574444,2,0.34851768286745555,12,0,0.1509445987152228,0.08622861936363178,5,16,20,42,57
87,245,5.632183908045977,4,10,3.9730018711574444,2,0.4020790889337059,12,0,0.09970284736389551,0.08106470505636824,5,20,25,37,57
87,245,5.632183908045977,4,10,3.9730018711574444,2,0.5761542239844016,12,0,0.14900731778318607,0.037761050334600275,10,41,10,73,164
87,245,5.632183908045977,4,10,3.9730018711574444,2,0.6419713595087034,12,0,0.09484641063262506,0.09034883895178564,5,33,21,56,121
87,245,5.632183908045977,4,10,3.9730018711574444,2,0.8588488118172276,12,0,0.2112223568569291,0.07780106379098067,6,38,19,59,59
87,245,5.632183908045977,4,10,3.9730018711574444,2,0.5391066297948434,12,0,0.2912621966795707,0.05755755009803542,7,27,15,62,85
87,245,5.632183908045977,4,10,3.9730018711574444,2,0.6246102845499923,12,0,0.16275593419536294,0.06256242507652601,7,28,12,64,101
87,245,5.632183908045977,4,10,3.9730018711574444,2,0.9809164535343973,12,0,0.2185434798028914,0.005371100831542296,5,48,0,87,1056
87,245,5.632183908045977,4,10,3.9730018711574444,2,0.8230416665395454,12,0,0.19632713053317843,0.040237948441703,4,52,10,77,125
87,245,5.632183908045977,4,10,3.9730018711574444,2,0.7603048184121942,12,0,0.19256747126857682,0.078345338619721,6,44,11,70,90
87,245,5.632183908045977,4,10,3.9730018711574444,2,0.27054511960087135,12,0,0.2717815619354943,0.09373545270651937,4,10,25,14,21
87,245,5.632183908045977,4,10,3.9730018711574444,2,0.8201486416296477,12,0,0.22788948090418723,0.024796215819115248,4,37,4,81,263
87,245,5.632183908045977,4,10,3.9730018711574444,2,0.16676731665156364,12,0,0.16478817916643032,0.017512672871443515,9,17,3,80,306
87,245,5.632183908045977,4,10,3.9730018711574444,2,0.5119362316634997,12,0,0.07784468988875255,0.03256601903143398,6,23,8,74,263
87,245,5.632183908045977,4,10,3.9730018711574444,2,0.1282861892851569,12,0,0.2074280409805908,0.05702568974537123,5,10,20,46,40
87,245,5.632183908045977,4,10,3.9730018711574444,2,0.38932150455191794,12,0,0.14603509643144427,0.0201201870658201,5,10,8,64,180
87,245,5.632183908045977,4,10,3.9730018711574444,2,0.10917595773792521,12,0,0.1166147026749571,0.04539632636423477,5,11,12,64,142
87,245,5.632183908045977,4,10,3.9730018711574444,2,0.9705875442202567,12,0,0.10246529407353756,0.003943864141055985,5,53,1,86,2117
87,245,5.632183908045977,4,10,3.9730018711574444,2,0.40679877767364947,12,0,0.14141830438332822,0.09698510396310826,5,16,32,26,28
87,245,5.632183908045977,4,10,3.9730018711574444,2,0.8067286605074498,12,0,0.20749582263521693,0.07976946824966519,4,27,22,55,77
87,245,5.632183908045977,4,10,3.9730018711574444,2,0.21227115181058664,12,0,0.07733880070714262,0.003828382007121712,5,21,0,84,2821
87,245,5.632183908045977,4,10,3.9730018711574444,2,0.9124708309706265,12,0,0.09130302117222559,0.025380234076696512,5,36,11,74,390
87,245,5.632183908045977,4,10,3.9730018711574444,2,0.8522112841186746,12,0,0.02510687647777376,0.07812064715711636,5,35,20,65,389
87,245,5.632183908045977,4,10,3.9730018711574444,2,0.46735315667422206,12,0,0.0803460467057716,0.06242406742966455,8,22,16,58,155
87,245,5.632183908045977,4,10,3.9730018711574444,2,0.7123122491229978,12,0,0.08084155973745574,0.04385329457732521,6,39,11,73,260
87,245,5.632183908045977,4,10,3.9730018711574444,2,0.26782946259178464,12,0,0.14081597228158105,0.07616662578079451,6,13,27,21,36
87,245,5.632183908045977,4,10,3.9730018711574444,2,0.6154044301622887,12,0,0.2953217874121553,0.04190865196829006,5,34,13,61,93
87,245,5.632183908045977,4,10,3.9730018711574444,2,0.225067041463763,12,0,0.11049407169588113,0.008705936178231392,5,18,2,80,1075
87,245,5.632183908045977,4,10,3.9730018711574444,2,0.3509484073684409,12,0,0.02278161236716616,0.03759280166861111,5,25,6,73,834
87,245,5.632183908045977,4,10,3.9730018711574444,2,0.640166167424034,12,0,0.205366405290108,0.026682633172420887,4,31,7,75,183
87,245,5.632183908045977,4,10,3.9730018711574444,2,0.4376475511119894,12,0,0.24333362666094902,0.04984300973358806,6,20,14,64,74
87,245,5.632183908045977,4,10,3.9730018711574444,2,0.3472416275358913,12,0,0.12054666051324801,0.08346162788364715,8,21,32,45,64
87,245,5.632183908045977,4,10,3.9730018711574444,2,0.29767750130372295,12,0,0.2921780543725658,0.08130193585639645,6,9,28,20,28
87,245,5.632183908045977,4,10,3.9730018711574444,2,0.3351109678432741,12,0,0.1617204457278205,0.08449938219769712,6,10,20,40,49
87,245,5.632183908045977,4,10,3.9730018711574444,2,0.6268610843849686,12,0,0.15422532034480368,0.08433838803792917,8,54,16,65,100
87,245,5.632183908045977,4,10,3.9730018711574444,2,0.7758244247291932,12,0,0.12584846866205826,0.07846812588088238,5,29,17,65,117
87,245,5.632183908045977,4,10,3.9730018711574444,2,0.12331146607441779,12,0,0.1543997772365101,0.07836560206668824,5,9,22,35,58
87,245,5.632183908045977,4,10,3.9730018711574444,2,0.589573932092908,12,0,0.2105302396782562,0.035430955443932675,4,20,15,61,89
87,245,5.632183908045977,4,10,3.9730018711574444,2,0.7894854527364814,12,0,0.29859816738121675,0.0579206859090585,10,49,25,59,48
87,245,5.632183908045977,4,10,3.9730018711574444,2,0.6845862105695294,12,0,0.06280569342713148,0.057998907247167344,4,35,13,66,252
87,245,5.632183908045977,4,10,3.9730018711574444,2,0.9590243476666427,12,0,0.10255832167102731,0.08409505688467674,6,15,28,40,73
87,245,5.632183908045977,4,10,3.9730018711574444,2,0.5622179300100975,12,0,0.18913133508618313,0.00374220315119798,6,35,2,85,1511
87,245,5.632183908045977,4,10,3.9730018711574444,2,0.6207793070715886,12,0,0.2782983561419729,0.07201811102189039,5,26,19,59,42
87,245,5.632183908045977,4,10,3.9730018711574444,2,0.8677026277213263,12,0,0.23734029128597814,0.06474436092050105,7,41,14,63,110
87,245,5.632183908045977,4,10,3.9730018711574444,2,0.6942308453541799,12,0,0.07363419934206795,0.08866642957104709,5,37,26,57,94
87,245,5.632183908045977,4,10,3.9730018711574444,2,0.6006295312205799,12,0,0.1467634479692157,0.03504438428002574,4,27,6,73,202
87,245,5.632183908045977,4,10,3.9730018711574444,2,0.4300325972662291,12,0,0.020115733371892902,0.031141473300196496,4,36,13,73,770
87,245,5.632183908045977,4,10,3.9730018711574444,2,0.7344940278620141,12,0,0.2241448087719428,0.08489543511102325,8,30,25,53,51
87,245,5.632183908045977,4,10,3.9730018711574444,2,0.20077268623817301,12,0,0.08848244903399732,0.04896234682680587,4,4,18,53,209
87,245,5.632183908045977,4,10,3.9730018711574444,2,0.926691869824679,12,0,0.19651641744073797,0.03668397627641548,6,36,12,68,155
87,245,5.632183908045977,4,10,3.9730018711574444,2,0.4070286237078389,12,0,0.14561537942610264,0.0856458989823324,6,17,24,44,44
87,245,5.632183908045977,4,10,3.9730018711574444,2,0.30350178945583106,12,0,0.028327211408370585,0.0987199933578012,5,5,25,33,168
87,245,5.632183908045977,4,10,3.9730018711574444,2,0.5031835535130758,12,0,0.263082377058231,0.07077386771854997,7,30,22,59,65
87,245,5.632183908045977,4,10,3.9730018711574444,2,0.3922538981290754,12,0,0.12706679872692023,0.043495447256668346,4,12,12,63,90
87,245,5.632183908045977,4,10,3.9730018711574444,2,0.8163859743343497,12,0,0.2743633267467415,0.055305681457389004,5,38,16,61,81
87,245,5.632183908045977,4,10,3.9730018711574444,2,0.8380114298015962,12,0,0.08154813787113703,0.09913779040328621,4,28,23,57,143
87,245,5.632183908045977,4,10,3.9730018711574444,2,0.852335710175422,12,0,0.21524596485992673,0.0498789351133705,5,42,17,65,128
87,245,5.632183908045977,4,10,3.9730018711574444,3,-1,12,0,0.2507558140857172,0.027134454026631182,4,40,10,74,114
87,245,5.632183908045977,4,10,3.9730018711574444,3,-1,12,0,0.2883512115249932,0.022835748478426635,5,42,5,77,153
87,245,5.632183908045977,4,10,3.9730018711574444,3,-1,12,0,0.25907206996032817,0.08777533151989816,5,49,19,66,58
87,245,5.632183908045977,4,10,3.9730018711574444,3,-1,12,0,0.17045432178630687,0.025305697859288503,5,44,10,75,249
87,245,5.632183908045977,4,10,3.9730018711574444,3,-1,12,0,0.1373567555064453,0.0437603509406193,7,32,13,66,169
87,245,5.632183908045977,4,10,3.9730018711574444,3,-1,12,0,0.27592126986980725,0.05114408868944763,7,30,9,70,78
87,245,5.632183908045977,4,10,3.9730018711574444,3,-1,12,0,0.06801878271431164,0.05660234986924173,5,66,8,79,224
87,245,5.632183908045977,4,10,3.9730018711574444,3,-1,12,0,0.21681197906958388,0.03693608388438887,10,54,11,72,140
87,245,5.632183908045977,4,10,3.9730018711574444,3,-1,12,0,0.26184929074793883,0.06393913164430204,5,38,20,54,59
87,245,5.632183908045977,4,10,3.9730018711574444,3,-1,12,0,0.23152025895294676,0.04644288755240813,4,32,15,61,72
87,245,5.632183908045977,4,10,3.9730018711574444,3,-1,12,0,0.04980606587694131,0.0988289527954352,5,18,37,23,56
87,245,5.632183908045977,4,10,3.9730018711574444,3,-1,12,0,0.2602975629680655,0.013669928432844584,5,50,4,79,267
87,245,5.632183908045977,4,10,3.9730018711574444,3,-1,12,0,0.11754827812207148,0.0042696626852378955,5,44,1,85,1954
87,245,5.632183908045977,4,10,3.9730018711574444,3,-1,12,0,0.21425231326027794,0.0876643176805182,6,34,25,52,50
87,245,5.632183908045977,4,10,3.9730018711574444,3,-1,12,0,0.041553842709024,0.08727000225045278,5,24,24,50,194
87,245,5.632183908045977,4,10,3.9730018711574444,3,-1,12,0,0.23338849773568338,0.04333899959926434,7,33,14,68,116
87,245,5.632183908045977,4,10,3.9730018711574444,3,-1,12,0,0.06433127612022063,0.020560646610497776,6,32,7,80,645
87,245,5.632183908045977,4,10,3.9730018711574444,3,-1,12,0,0.2245001304253923,0.08153362835220543,5,33,34,42,44
87,245,5.632183908045977,4,10,3.9730018711574444,3,-1,12,0,0.2839410042834242,0.09905506742537837,5,40,23,59,33
87,245,5.632183908045977,4,10,3.9730018711574444,3,-1,12,0,0.1424579875778458,0.05592746943293757,6,38,12,72,117
87,245,5.632183908045977,4,10,3.9730018711574444,3,-1,12,0,0.20899952380947284,0.035520884425174704,4,26,9,74,116
87,245,5.632183908045977,4,10,3.9730018711574444,3,-1,12,0,0.07089920046542758,0.048089779041779725,5,49,12,73,226
87,245,5.632183908045977,4,10,3.9730018711574444,3,-1,12,0,0.057764760430966164,0.08991612060656522,6,29,26,45,132
87,245,5.632183908045977,4,10,3.9730018711574444,3,-1,12,0,0.2815853635245995,0.06598003955878957,7,36,17,61,59
87,245,5.632183908045977,4,10,3.9730018711574444,3,-1,12,0,0.29934223939912935,0.005146722692290098,7,42,5,82,723
87,245,5.632183908045977,4,10,3.9730018711574444,3,-1,12,0,0.15617356499090357,0.07360882636571231,5,37,20,60,84
87,245,5.632183908045977,4,10,3.9730018711574444,3,-1,12,0,0.19042797569835962,0.07510085533803806,5,32,20,59,67
87,245,5.632183908045977,4,10,3.9730018711574444,3,-1,12,0,0.2541898714247569,0.024529808014617,6,46,8,77,187
87,245,5.632183908045977,4,10,3.9730018711574444,3,-1,12,0,0.2929359365397025,0.06823606351151094,5,35,15,56,48
87,245,5.632183908045977,4,10,3.9730018711574444,3,-1,12,0,0.04320293431952813,0.03127349280617742,5,56,12,73,741
87,245,5.632183908045977,4,10,3.9730018711574444,3,-1,12,0,0.2166730613975473,0.08769268867166365,5,39,22,56,62
87,245,5.632183908045977,4,10,3.9730018711574444,3,-1,12,0,0.21774287011799176,0.03442799543190792,4,35,16,64,163
87,245,5.632183908045977,4,10,3.9730018711574444,3,-1,12,0,0.03316041827619664,0.026012537377356648,9,44,3,82,1088
87,245,5.632183908045977,4,10,3.9730018711574444,3,-1,12,0,0.07885560882715151,0.02299311306194274,9,41,5,82,344
87,245,5.632183908045977,4,10,3.9730018711574444,3,-1,12,0,0.07436234554916608,0.056909051199035596,4,43,14,70,215
87,245,5.632183908045977,4,10,3.9730018711574444,3,-1,12,0,0.03528587160462807,0.015700884057314714,5,45,6,79,1406
87,245,5.632183908045977,4,10,3.9730018711574444,3,-1,12,0,0.1249299823386358,0.03624265508145763,6,49,12,73,245
87,245,5.632183908045977,4,10,3.9730018711574444,3,-1,12,0,0.1484341857508726,0.0021714197327337603,8,70,1,86,2323
87,245,5.632183908045977,4,10,3.9730018711574444,3,-1,12,0,0.20509765234424568,0.004226194560122281,5,46,2,85,1168
87,245,5.632183908045977,4,10,3.9730018711574444,3,-1,12,0,0.10530812553003333,0.004637717729186919,5,58,0,87,1423
87,245,5.632183908045977,4,10,3.9730018711574444,3,-1,12,0,0.16561887983839604,0.07650062765513829,5,29,23,54,54
87,245,5.632183908045977,4,10,3.9730018711574444,3,-1,12,0,0.029338874701282124,0.07992844897415322,6,39,20,59,327
87,245,5.632183908045977,4,10,3.9730018711574444,3,-1,12,0,0.13563609444368654,0.08184838770373774,5,47,20,65,89
87,245,5.632183908045977,4,10,3.9730018711574444,3,-1,12,0,0.07256861711894934,0.04932193583864961,5,47,19,65,206
87,245,5.632183908045977,4,10,3.9730018711574444,3,-1,12,0,0.09648420486978387,0.048040074816726036,5,42,13,72,202
87,245,5.632183908045977,4,10,3.9730018711574444,3,-1,12,0,0.08412691365429918,0.09184869007666126,6,29,22,51,105
87,245,5.632183908045977,4,10,3.9730018711574444,3,-1,12,0,0.09363000425073094,0.09983925914567215,7,49,24,62,129
87,245,5.632183908045977,4,10,3.9730018711574444,3,-1,12,0,0.16289735536641228,0.09088163911842974,5,39,22,54,89
87,245,5.632183908045977,4,10,3.9730018711574444,3,-1,12,0,0.24885473023118235,0.06497333027397612,5,29,24,54,59
87,245,5.632183908045977,4,10,3.9730018711574444,3,-1,12,0,0.18895557649202324,0.003065434909798476,6,66,1,85,1782
87,245,5.632183908045977,4,10,3.9730018711574444,3,-1,12,0,0.08587444638913877,0.03467966527419916,5,40,9,71,259
87,245,5.632183908045977,4,10,3.9730018711574444,3,-1,12,0,0.27450312731508925,0.01380166085110755,5,54,0,87,480
87,245,5.632183908045977,4,10,3.9730018711574444,3,-1,12,0,0.0495901750944259,0.07553595688878299,4,33,23,57,179
87,245,5.632183908045977,4,10,3.9730018711574444,3,-1,12,0,0.164055514734132,0.08925128523555009,7,32,28,54,60
87,245,5.632183908045977,4,10,3.9730018711574444,3,-1,12,0,0.23675831657713725,0.007396813934759061,7,65,2,83,469
87,245,5.632183908045977,4,10,3.9730018711574444,3,-1,12,0,0.02519104199712139,0.03126158378590236,4,42,11,72,985
87,245,5.632183908045977,4,10,3.9730018711574444,3,-1,12,0,0.011677287287381218,0.02784217267890541,5,45,13,72,2377
87,245,5.632183908045977,4,10,3.9730018711574444,3,-1,12,0,0.13043959448991807,0.08305642935583077,5,41,18,56,70
87,245,5.632183908045977,4,10,3.9730018711574444,3,-1,12,0,0.13551262463620647,0.05081728399252255,6,41,12,73,128
87,245,5.632183908045977,4,10,3.9730018711574444,3,-1,12,0,0.05154299240701183,0.06041356731546333,6,40,17,65,209
87,245,5.632183908045977,4,10,3.9730018711574444,3,-1,12,0,0.04022615141473371,0.0966105677136503,6,35,20,60,280
87,245,5.632183908045977,4,10,3.9730018711574444,3,-1,12,0,0.2768235637658624,0.0953031026797772,5,48,24,60,55
87,245,5.632183908045977,4,10,3.9730018711574444,3,-1,12,0,0.26223906391903457,0.0830898929095778,6,36,17,55,61
87,245,5.632183908045977,4,10,3.9730018711574444,3,-1,12,0,0.059014276330147296,0.07106333213945663,5,44,20,65,178
87,245,5.632183908045977,4,10,3.9730018711574444,3,-1,12,0,0.2782688027968346,0.08348809259022863,5,35,20,64,55
87,245,5.632183908045977,4,10,3.9730018711574444,3,-1,12,0,0.11225135447080084,0.018780986156967956,6,48,6,80,361
87,245,5.632183908045977,4,10,3.9730018711574444,3,-1,12,0,0.1897544416527049,0.09536744014204741,6,31,23,51,53
87,245,5.632183908045977,4,10,3.9730018711574444,3,-1,12,0,0.06579522745082918,0.0017423097905926903,4,34,1,86,9441
87,245,5.632183908045977,4,10,3.9730018711574444,3,-1,12,0,0.08404168246438354,0.041728820417652274,7,33,15,63,221
87,245,5.632183908045977,4,10,3.9730018711574444,3,-1,12,0,0.24492169052393198,0.036366195745416836,5,24,9,73,161
87,245,5.632183908045977,4,10,3.9730018711574444,3,-1,12,0,0.2428663606852099,0.01623404199063978,5,38,4,79,314
87,245,5.632183908045977,4,10,3.9730018711574444,3,-1,12,0,0.1395624247463031,0.08804244998911628,8,39,24,56,80
87,245,5.632183908045977,4,10,3.9730018711574444,3,-1,12,0,0.023151864921936192,0.045727715558879195,4,34,17,66,547
87,245,5.632183908045977,4,10,3.9730018711574444,3,-1,12,0,0.042874363918180405,0.0674982705930124,6,38,17,66,265
87,245,5.632183908045977,4,10,3.9730018711574444,3,-1,12,0,0.24864856958283676,0.08540829012753275,5,25,29,37,50
87,245,5.632183908045977,4,10,3.9730018711574444,3,-1,12,0,0.05107775919248989,0.010773683040367243,5,35,2,84,1408
87,245,5.632183908045977,4,10,3.9730018711574444,3,-1,12,0,0.20042282926061644,0.06584800466407761,5,36,19,62,77
87,245,5.632183908045977,4,10,3.9730018711574444,3,-1,12,0,0.20346979450621513,0.012750837782083645,7,61,2,84,374
87,245,5.632183908045977,4,10,3.9730018711574444,3,-1,12,0,0.09048665970654562,0.02329299736976847,4,45,4,83,511
87,245,5.632183908045977,4,10,3.9730018711574444,3,-1,12,0,0.2458706086348972,0.08848609471638234,4,38,20,49,44
87,245,5.632183908045977,4,10,3.9730018711574444,3,-1,12,0,0.06091135011915202,0.05968795365989946,5,45,9,73,251
87,245,5.632183908045977,4,10,3.9730018711574444,3,-1,12,0,0.033262599333264295,0.03991782580380864,5,44,8,77,736
87,245,5.632183908045977,4,10,3.9730018711574444,3,-1,12,0,0.0533643120687449,0.014236883627666397,4,40,3,82,837
87,245,5.632183908045977,4,10,3.9730018711574444,3,-1,12,0,0.055577467777694144,0.0821000313243744,5,44,19,60,180
87,245,5.632183908045977,4,10,3.9730018711574444,3,-1,12,0,0.1403971177345029,0.09134979816419384,5,32,27,51,71
87,245,5.632183908045977,4,10,3.9730018711574444,3,-1,12,0,0.04414085801716337,0.0072544560292282945,8,73,2,85,2956
87,245,5.632183908045977,4,10,3.9730018711574444,3,-1,12,0,0.14051712222435772,0.016902501111563696,4,34,5,78,374
87,245,5.632183908045977,4,10,3.9730018711574444,3,-1,12,0,0.19896711432157674,0.054228704003294576,8,35,12,68,109
87,245,5.632183908045977,4,10,3.9730018711574444,3,-1,12,0,0.12479415421446673,0.010821209044905515,5,65,3,84,702
87,245,5.632183908045977,4,10,3.9730018711574444,3,-1,12,0,0.17459494055041216,0.013003249397957571,5,58,2,84,569
87,245,5.632183908045977,4,10,3.9730018711574444,3,-1,12,0,0.12636893602570132,0.04175583939187536,6,42,14,69,131
87,245,5.632183908045977,4,10,3.9730018711574444,3,-1,12,0,0.06766340206732,0.035882873237653656,4,38,7,76,347
87,245,5.632183908045977,4,10,3.9730018711574444,3,-1,12,0,0.0787561382887503,0.03490316298462436,4,33,5,78,301
87,245,5.632183908045977,4,10,3.9730018711574444,3,-1,12,0,0.2808578502198446,0.045984642340765824,6,37,15,66,81
87,245,5.632183908045977,4,10,3.9730018711574444,3,-1,12,0,0.11735183370323629,0.04836695927041539,6,36,14,68,115
87,245,5.632183908045977,4,10,3.9730018711574444,3,-1,12,0,0.15859311667372097,0.06801528779120833,4,32,25,50,75
87,245,5.632183908045977,4,10,3.9730018711574444,3,-1,12,0,0.2921142807861425,0.05136941639043373,6,32,18,58,72
87,245,5.632183908045977,4,10,3.9730018711574444,3,-1,12,0,0.049958199142771983,0.018263064004686833,5,65,6,80,915
87,245,5.632183908045977,4,10,3.9730018711574444,3,-1,12,0,0.1548580483660589,0.06165278258910261,5,41,16,64,117
87,245,5.632183908045977,4,10,3.9730018711574444,3,-1,12,0,0.2682504113003887,0.08630796653842697,4,29,27,41,40
87,245,5.632183908045977,4,10,3.9730018711574444,4,-1,12,0,0.14224706230157935,0.06609853292152273,6,8,23,27,40
87,245,5.632183908045977,4,10,3.9730018711574444,4,-1,12,0,0.25583947617026265,0.08506318204178656,4,13,29,27,29
87,245,5.632183908045977,4,10,3.9730018711574444,4,-1,12,0,0.27701081619762696,0.052538975889237005,6,11,12,52,51
87,245,5.632183908045977,4,10,3.9730018711574444,4,-1,12,0,0.1365804100964925,0.09580562624733019,4,8,30,9,20
87,245,5.632183908045977,4,10,3.9730018711574444,4,-1,12,0,0.1398217446903064,0.02329530449153248,5,15,7,77,235
87,245,5.632183908045977,4,10,3.9730018711574444,4,-1,12,0,0.08760578670322199,0.015592357274688783,4,16,6,77,575
87,245,5.632183908045977,4,10,3.9730018711574444,4,-1,12,0,0.1560329663675515,0.08984035445589525,6,14,29,33,36
87,245,5.632183908045977,4,10,3.9730018711574444,4,-1,12,0,0.19383139584436856,0.07909964435572016,6,8,29,26,37
87,245,5.632183908045977,4,10,3.9730018711574444,4,-1,12,0,0.07995513240092982,0.0019994905289020936,6,4,1,85,5007
87,245,5.632183908045977,4,10,3.9730018711574444,4,-1,12,0,0.2673859939321193,0.025157358883337214,7,2,6,51,108
87,245,5.632183908045977,4,10,3.9730018711574444,4,-1,12,0,0.15620227243241797,0.008740313365819031,4,14,3,83,616
87,245,5.632183908045977,4,10,3.9730018711574444,4,-1,12,0,0.06950027696445073,0.036082858536967265,7,8,20,62,278
87,245,5.632183908045977,4,10,3.9730018711574444,4,-1,12,0,0.032800799761444045,0.038080290538961635,4,13,14,62,498
87,245,5.632183908045977,4,10,3.9730018711574444,4,-1,12,0,0.14515044584554046,0.09184756981924876,4,10,22,34,45
87,245,5.632183908045977,4,10,3.9730018711574444,4,-1,12,0,0.25145210746895147,0.03440756144334365,5,7,10,59,92
87,245,5.632183908045977,4,10,3.9730018711574444,4,-1,12,0,0.07455914895396783,0.028448899267657465,7,0,1,0,1
87,245,5.632183908045977,4,10,3.9730018711574444,4,-1,12,0,0.2751500930061661,0.045862640810087056,7,6,23,26,45
87,245,5.632183908045977,4,10,3.9730018711574444,4,-1,12,0,0.011935972435378275,0.02908270832424103,6,14,10,68,1744
87,245,5.632183908045977,4,10,3.9730018711574444,4,-1,12,0,0.05840733308536605,0.051391683551381184,5,15,21,58,179
87,245,5.632183908045977,4,10,3.9730018711574444,4,-1,12,0,0.07123899399276724,0.04073469507050627,4,14,12,60,185
87,245,5.632183908045977,4,10,3.9730018711574444,4,-1,12,0,0.014555425205064233,0.06803400476598102,6,10,27,48,538
87,245,5.632183908045977,4,10,3.9730018711574444,4,-1,12,0,0.22025115804408013,0.015076828311010943,7,2,5,75,285
87,245,5.632183908045977,4,10,3.9730018711574444,4,-1,12,0,0.1832487653205452,0.005505247249598884,6,10,2,83,742
87,245,5.632183908045977,4,10,3.9730018711574444,4,-1,12,0,0.185329335726829,0.04166189243670523,7,11,13,63,98
87,245,5.632183908045977,4,10,3.9730018711574444,4,-1,12,0,0.17216199434330143,0.06252590937013493,6,0,3,0,1
87,245,5.632183908045977,4,10,3.9730018711574444,4,-1,12,0,0.019756899050751366,0.03615294623163126,4,11,13,66,836
87,245,5.632183908045977,4,10,3.9730018711574444,4,-1,12,0,0.16825320233356825,0.00881516648603228,6,16,4,82,564
87,245,5.632183908045977,4,10,3.9730018711574444,4,-1,12,0,0.09256800015808171,0.027841700315209106,4,11,8,72,219
87,245,5.632183908045977,4,10,3.9730018711574444,4,-1,12,0,0.01943310120414604,0.02282396916938271,5,16,8,74,1699
87,245,5.632183908045977,4,10,3.9730018711574444,4,-1,12,0,0.2056947648220408,0.05465803899562944,5,4,12,48,72
87,245,5.632183908045977,4,10,3.9730018711574444,4,-1,12,0,0.20396214956167316,0.007432010500857628,6,4,5,80,583
87,245,5.632183908045977,4,10,3.9730018711574444,4,-1,12,0,0.17533824671607878,0.06310380152529957,8,8,20,51,73
87,245,5.632183908045977,4,10,3.9730018711574444,4,-1,12,0,0.0565809604046792,0.02540020263791205,5,11,4,73,501
87,245,5.632183908045977,4,10,3.9730018711574444,4,-1,12,0,0.03170681110720853,0.07676388426157882,5,0,4,0,1
87,245,5.632183908045977,4,10,3.9730018711574444,4,-1,12,0,0.23539692886692593,0.06926061018810481,6,8,17,45,50
87,245,5.632183908045977,4,10,3.9730018711574444,4,-1,12,0,0.2673737219916724,0.06793902885783994,5,4,16,33,42
87,245,5.632183908045977,4,10,3.9730018711574444,4,-1,12,0,0.266507930549312,0.007824395917596916,5,14,3,80,427
87,245,5.632183908045977,4,10,3.9730018711574444,4,-1,12,0,0.04327261668382101,0.027163427360958628,7,3,9,69,672
87,245,5.632183908045977,4,10,3.9730018711574444,4,-1,12,0,0.22239992108045153,0.09400316258145036,9,9,23,28,31
87,245,5.632183908045977,4,10,3.9730018711574444,4,-1,12,0,0.09069165247295323,0.07342560695665239,5,0,30,2,4
87,245,5.632183908045977,4,10,3.9730018711574444,4,-1,12,0,0.27205132286809036,0.07645234338040127,4,4,27,20,31
87,245,5.632183908045977,4,10,3.9730018711574444,4,-1,12,0,0.04131185639181956,0.01246146293835848,5,0,1,0,1
87,245,5.632183908045977,4,10,3.9730018711574444,4,-1,12,0,0.10672892199480573,0.03388443350062408,5,15,8,73,241
87,245,5.632183908045977,4,10,3.9730018711574444,4,-1,12,0,0.037862181387213464,0.006236293819904613,5,0,1,0,1
87,245,5.632183908045977,4,10,3.9730018711574444,4,-1,12,0,0.028831020094999715,0.09984026798854494,8,10,38,23,117
87,245,5.632183908045977,4,10,3.9730018711574444,4,-1,12,0,0.25249932479926723,0.04477176060487615,5,16,8,63,66
87,245,5.632183908045977,4,10,3.9730018711574444,4,-1,12,0,0.037019371591484454,0.06411572189253381,5,8,12,35,166
87,245,5.632183908045977,4,10,3.9730018711574444,4,-1,12,0,0.29556976825851333,0.09954105740478815,5,12,23,21,20
87,245,5.632183908045977,4,10,3.9730018711574444,4,-1,12,0,0.16632730138211013,0.004140314406056488,5,6,0,86,1063
87,245,5.632183908045977,4,10,3.9730018711574444,4,-1,12,0,0.016809577062656785,0.011054509899916569,6,10,8,76,3312
87,245,5.632183908045977,4,10,3.9730018711574444,4,-1,12,0,0.13271387073032034,0.09967218112774051,5,10,26,49,63
87,245,5.632183908045977,4,10,3.9730018711574444,4,-1,12,0,0.015109176026214664,0.08305121411329343,4,0,6,0,1
87,245,5.632183908045977,4,10,3.9730018711574444,4,-1,12,0,0.176420806111596,0.07656831615393431,4,6,20,30,32
87,245,5.632183908045977,4,10,3.9730018711574444,4,-1,12,0,0.13931631719867932,0.09179561515126507,4,10,25,39,68
87,245,5.632183908045977,4,10,3.9730018711574444,4,-1,12,0,0.12288636916778778,0.08019941338960804,6,7,22,34,64
87,245,5.632183908045977,4,10,3.9730018711574444,4,-1,12,0,0.11490658099724105,0.04834844347786217,4,0,3,0,1
87,245,5.632183908045977,4,10,3.9730018711574444,4,-1,12,0,0.22864023866540598,0.0429433338776725,10,12,11,64,89
87,245,5.632183908045977,4,10,3.9730018711574444,4,-1,12,0,0.25189229986812955,0.048859359273222505,9,4,17,42,54
87,245,5.632183908045977,4,10,3.9730018711574444,4,-1,12,0,0.04839031890854749,0.01911729164137594,4,8,5,75,749
87,245,5.632183908045977,4,10,3.9730018711574444,4,-1,12,0,0.06506410292781016,0.06145283858091114,6,12,17,55,113
87,245,5.632183908045977,4,10,3.9730018711574444,4,-1,12,0,0.033096558717552176,0.09714477637512745,6,14,23,46,200
87,245,5.632183908045977,4,10,3.9730018711574444,4,-1,12,0,0.1745657742669283,0.037030658414543303,6,16,6,67,113
87,245,5.632183908045977,4,10,3.9730018711574444,4,-1,12,0,0.14827783045028328,0.020522040803710104,4,12,7,74,194
87,245,5.632183908045977,4,10,3.9730018711574444,4,-1,12,0,0.14622468891999468,0.0069911061923747025,7,7,3,80,534
87,245,5.632183908045977,4,10,3.9730018711574444,4,-1,12,0,0.2692068817201654,0.07664140545979427,5,2,27,13,37
87,245,5.632183908045977,4,10,3.9730018711574444,4,-1,12,0,0.08067982109805208,0.02565849633579656,9,14,6,74,414
87,245,5.632183908045977,4,10,3.9730018711574444,4,-1,12,0,0.18993953903761912,0.04443893635438474,5,4,16,52,69
87,245,5.632183908045977,4,10,3.9730018711574444,4,-1,12,0,0.15351846871725663,0.060603158795056525,8,9,18,49,64
87,245,5.632183908045977,4,10,3.9730018711574444,4,-1,12,0,0.17346633871152667,0.020823757048894453,9,14,8,68,141
87,245,5.632183908045977,4,10,3.9730018711574444,4,-1,12,0,0.15452033932803416,0.008709780204961935,8,8,3,80,554
87,245,5.632183908045977,4,10,3.9730018711574444,4,-1,12,0,0.20773265869059684,0.008155276306863881,5,6,2,82,545
87,245,5.632183908045977,4,10,3.9730018711574444,4,-1,12,0,0.0325579004110139,0.03227426757982961,6,13,9,72,861
87,245,5.632183908045977,4,10,3.9730018711574444,4,-1,12,0,0.02947401168020323,0.04708696067264446,6,14,12,57,373
87,245,5.632183908045977,4,10,3.9730018711574444,4,-1,12,0,0.1137865558588425,0.0826741147126496,4,0,7,0,1
87,245,5.632183908045977,4,10,3.9730018711574444,4,-1,12,0,0.20300867339890682,0.013307794339701817,7,12,6,75,314
87,245,5.632183908045977,4,10,3.9730018711574444,4,-1,12,0,0.19818893773048488,0.06961920349585836,6,7,19,45,37
87,245,5.632183908045977,4,10,3.9730018711574444,4,-1,12,0,0.2949459459369579,0.08694641374205196,5,7,26,32,36
87,245,5.632183908045977,4,10,3.9730018711574444,4,-1,12,0,0.034693590685109146,0.04015256762197509,5,16,15,69,474
87,245,5.632183908045977,4,10,3.9730018711574444,4,-1,12,0,0.1908650120790636,0.0864173248331858,7,8,24,32,45
87,245,5.632183908045977,4,10,3.9730018711574444,4,-1,12,0,0.27136396714988315,0.07954492814579417,5,9,22,21,18
87,245,5.632183908045977,4,10,3.9730018711574444,4,-1,12,0,0.2885559251548316,0.07666855362626496,6,3,21,6,20
87,245,5.632183908045977,4,10,3.9730018711574444,4,-1,12,0,0.2693088816872619,0.05266706539625031,6,14,13,48,59
87,245,5.632183908045977,4,10,3.9730018711574444,4,-1,12,0,0.04693464435172278,0.08571600743329537,8,10,25,50,143
87,245,5.632183908045977,4,10,3.9730018711574444,4,-1,12,0,0.05926097434431386,0.025954891471915348,4,16,8,75,436
87,245,5.632183908045977,4,10,3.9730018711574444,4,-1,12,0,0.015578539045079515,0.02305758112776299,7,10,6,70,1730
87,245,5.632183908045977,4,10,3.9730018711574444,4,-1,12,0,0.12724393621811375,0.015701063344796748,5,4,7,75,440
87,245,5.632183908045977,4,10,3.9730018711574444,4,-1,12,0,0.2379262395689706,0.025789419470480714,6,12,9,63,119
87,245,5.632183908045977,4,10,3.9730018711574444,4,-1,12,0,0.030392566968527053,0.09610349395378451,4,6,25,35,218
87,245,5.632183908045977,4,10,3.9730018711574444,4,-1,12,0,0.12640188370385416,0.07063641817736062,10,12,19,55,66
87,245,5.632183908045977,4,10,3.9730018711574444,4,-1,12,0,0.2599325586339504,0.013429770065441469,7,2,4,70,213
87,245,5.632183908045977,4,10,3.9730018711574444,4,-1,12,0,0.07450232223885679,0.03369620576202313,6,16,8,68,258
87,245,5.632183908045977,4,10,3.9730018711574444,4,-1,12,0,0.13878736530545666,0.07931234252002466,7,16,29,42,53
87,245,5.632183908045977,4,10,3.9730018711574444,4,-1,12,0,0.14739906857730972,0.013271233532454157,5,14,2,80,372
87,245,5.632183908045977,4,10,3.9730018711574444,4,-1,12,0,0.10951912987387884,0.06570236378514795,4,0,6,0,1
87,245,5.632183908045977,4,10,3.9730018711574444,4,-1,12,0,0.22633646277741254,0.09488873321029775,5,11,35,27,34
87,245,5.632183908045977,4,10,3.9730018711574444,4,-1,12,0,0.2819968919687455,0.04541442989950144,6,4,14,42,49
87,245,5.632183908045977,4,10,3.9730018711574444,4,-1,12,0,0.12239835642112384,0.03743611702147936,4,9,10,57,153
87,245,5.632183908045977,4,10,3.9730018711574444,4,-1,12,0,0.1745162789455561,0.040521360984643914,6,11,16,56,90
87,245,5.632183908045977,4,10,3.9730018711574444,4,-1,12,0,0.2591470577452078,0.09858715219952328,6,4,28,11,19
87,245,5.632183908045977,4,10,3.9730018711574444,4,-1,12,0,0.13617054431190614,0.05271380709730868,4,8,15,60,86
87,245,5.632183908045977,4,10,3.9730018711574444,5,-1,12,0,0.11025091707893869,0.03322177336205098,6,16,13,68,226
87,245,5.632183908045977,4,10,3.9730018711574444,5,-1,12,0,0.24159260295975474,0.05785573585929273,4,9,27,34,67
87,245,5.632183908045977,4,10,3.9730018711574444,5,-1,12,0,0.11858917571329816,0.03470808868326164,8,38,9,74,191
87,245,5.632183908045977,4,10,3.9730018711574444,5,-1,12,0,0.017040425724443746,0.06987388033150566,4,21,25,50,509
87,245,5.632183908045977,4,10,3.9730018711574444,5,-1,12,0,0.1463016766031936,0.0017948701238766865,5,29,2,84,3401
87,245,5.632183908045977,4,10,3.9730018711574444,5,-1,12,0,0.133514619798581,0.04450397353756121,5,26,9,71,135
87,245,5.632183908045977,4,10,3.9730018711574444,5,-1,12,0,0.15649711870029445,0.016518339968733385,6,28,3,81,336
87,245,5.632183908045977,4,10,3.9730018711574444,5,-1,12,0,0.27779525312589826,0.0975791617329084,4,29,25,51,38
87,245,5.632183908045977,4,10,3.9730018711574444,5,-1,12,0,0.17756071753713956,0.06285358201623675,5,20,22,41,47
87,245,5.632183908045977,4,10,3.9730018711574444,5,-1,12,0,0.17702054654090713,0.09540828135907196,7,21,24,47,48
87,245,5.632183908045977,4,10,3.9730018711574444,5,-1,12,0,0.2493193405023812,0.08733332854136489,8,27,21,57,52
87,245,5.632183908045977,4,10,3.9730018711574444,5,-1,12,0,0.15668792259641567,0.038916443668143966,6,46,13,71,142
87,245,5.632183908045977,4,10,3.9730018711574444,5,-1,12,0,0.2622870681131592,0.02515035047349746,6,19,9,77,128
87,245,5.632183908045977,4,10,3.9730018711574444,5,-1,12,0,0.03550567926450686,0.03936412735015912,5,36,10,75,397
87,245,5.632183908045977,4,10,3.9730018711574444,5,-1,12,0,0.18422384457618632,0.028486830279956715,6,27,7,79,157
87,245,5.632183908045977,4,10,3.9730018711574444,5,-1,12,0,0.16093827804066602,0.053929248924667744,6,27,17,58,77
87,245,5.632183908045977,4,10,3.9730018711574444,5,-1,12,0,0.048067321888568666,0.06082455759790106,6,23,20,63,290
87,245,5.632183908045977,4,10,3.9730018711574444,5,-1,12,0,0.27022512206136984,0.0962543191552005,6,27,28,46,45
87,245,5.632183908045977,4,10,3.9730018711574444,5,-1,12,0,0.13695958808104713,0.0795909138244899,6,22,20,34,52
87,245,5.632183908045977,4,10,3.9730018711574444,5,-1,12,0,0.05646989444485452,0.03663488595976202,5,36,10,72,372
87,245,5.632183908045977,4,10,3.9730018711574444,5,-1,12,0,0.12656694613600214,0.07576716045828408,5,14,21,39,65
87,245,5.632183908045977,4,10,3.9730018711574444,5,-1,12,0,0.2281306593516265,0.08797505771428336,7,24,22,50,52
87,245,5.632183908045977,4,10,3.9730018711574444,5,-1,12,0,0.2584335312474237,0.02295127565718106,5,29,7,77,167
87,245,5.632183908045977,4,10,3.9730018711574444,5,-1,12,0,0.08886968594035598,0.023132601440515488,6,36,9,76,484
87,245,5.632183908045977,4,10,3.9730018711574444,5,-1,12,0,0.058792369142630335,0.0438181372495395,6,17,18,61,243
87,245,5.632183908045977,4,10,3.9730018711574444,5,-1,12,0,0.287834841661226,0.004893121330342786,5,39,1,86,720
87,245,5.632183908045977,4,10,3.9730018711574444,5,-1,12,0,0.13765987368242275,0.0600056078198212,9,26,21,60,96
87,245,5.632183908045977,4,10,3.9730018711574444,5,-1,12,0,0.14614485298668697,0.07387058369269053,5,22,19,55,68
87,245,5.632183908045977,4,10,3.9730018711574444,5,-1,12,0,0.08184934153583957,0.04199893357231,4,26,15,69,221
87,245,5.632183908045977,4,10,3.9730018711574444,5,-1,12,0,0.07567077488781723,0.04105019169003138,7,40,14,71,292
87,245,5.632183908045977,4,10,3.9730018711574444,5,-1,12,0,0.11970056322431616,0.0509591013921118,4,29,17,64,135
87,245,5.632183908045977,4,10,3.9730018711574444,5,-1,12,0,0.04804885516478324,0.020189995868964,6,34,3,80,939
87,245,5.632183908045977,4,10,3.9730018711574444,5,-1,12,0,0.17315845412606273,0.06622047587436783,4,33,18,63,86
87,245,5.632183908045977,4,10,3.9730018711574444,5,-1,12,0,0.2401338380593027,0.05341631293155558,6,19,14,64,79
87,245,5.632183908045977,4,10,3.9730018711574444,5,-1,12,0,0.2982576122699991,0.053610313980429716,6,22,23,59,56
87,245,5.632183908045977,4,10,3.9730018711574444,5,-1,12,0,0.26262870176639497,0.049583080988732285,5,27,12,65,70
87,245,5.632183908045977,4,10,3.9730018711574444,5,-1,12,0,0.0566417990881081,0.018116505960290307,7,30,8,74,778
87,245,5.632183908045977,4,10,3.9730018711574444,5,-1,12,0,0.0457618042562982,0.07586067923097502,4,17,23,54,150
87,245,5.632183908045977,4,10,3.9730018711574444,5,-1,12,0,0.023927899156605675,0.022536485731787473,6,36,6,78,1468
87,245,5.632183908045977,4,10,3.9730018711574444,5,-1,12,0,0.10722638919059868,0.04682478349871663,10,40,16,70,159
87,245,5.632183908045977,4,10,3.9730018711574444,5,-1,12,0,0.1366217352688418,0.07372102212772069,6,40,22,60,80
87,245,5.632183908045977,4,10,3.9730018711574444,5,-1,12,0,0.17864912697104687,0.07694497442954017,8,31,17,57,52
87,245,5.632183908045977,4,10,3.9730018711574444,5,-1,12,0,0.04551546081334258,0.08322882252783369,5,19,24,52,213
87,245,5.632183908045977,4,10,3.9730018711574444,5,-1,12,0,0.1690545462641634,0.015689456118739592,6,32,3,81,374
87,245,5.632183908045977,4,10,3.9730018711574444,5,-1,12,0,0.08548371548745459,0.00881104382830021,6,37,2,83,1136
87,245,5.632183908045977,4,10,3.9730018711574444,5,-1,12,0,0.2812573455662483,0.008938111267631395,5,48,0,87,518
87,245,5.632183908045977,4,10,3.9730018711574444,5,-1,12,0,0.06888896799099252,0.058906965966081824,7,23,20,60,155
87,245,5.632183908045977,4,10,3.9730018711574444,5,-1,12,0,0.08518582423941955,0.021651634604998766,6,24,13,66,331
87,245,5.632183908045977,4,10,3.9730018711574444,5,-1,12,0,0.02064667798075885,0.03175485201786316,9,31,12,74,1080
87,245,5.632183908045977,4,10,3.9730018711574444,5,-1,12,0,0.11544716256279343,0.031212202846378115,5,39,9,72,222
87,245,5.632183908045977,4,10,3.9730018711574444,5,-1,12,0,0.21238219526251947,0.06799872661619215,5,33,19,60,69
87,245,5.632183908045977,4,10,3.9730018711574444,5,-1,12,0,0.21580693150618985,0.019908238529487386,5,41,5,82,277
87,245,5.632183908045977,4,10,3.9730018711574444,5,-1,12,0,0.2405942195348666,0.04120808662856421,4,21,8,69,117
87,245,5.632183908045977,4,10,3.9730018711574444,5,-1,12,0,0.12600070999164903,0.0023605551574927205,5,27,1,86,2244
87,245,5.632183908045977,4,10,3.9730018711574444,5,-1,12,0,0.17465732378601528,0.055060927304518524,4,22,14,62,100
87,245,5.632183908045977,4,10,3.9730018711574444,5,-1,12,0,0.25606008774720895,0.08342554465209011,4,25,25,40,40
87,245,5.632183908045977,4,10,3.9730018711574444,5,-1,12,0,0.16762541647799967,0.050094486145659776,4,33,13,68,106
87,245,5.632183908045977,4,10,3.9730018711574444,5,-1,12,0,0.2589345076506971,0.015551030377842771,4,38,0,86,264
87,245,5.632183908045977,4,10,3.9730018711574444,5,-1,12,0,0.22480524834334842,0.07363339436308053,7,22,19,50,77
87,245,5.632183908045977,4,10,3.9730018711574444,5,-1,12,0,0.12907058348359018,0.08525359677269484,9,24,17,52,83
87,245,5.632183908045977,4,10,3.9730018711574444,5,-1,12,0,0.1454268014729272,0.00804735710170445,6,5,2,84,746
87,245,5.632183908045977,4,10,3.9730018711574444,5,-1,12,0,0.020357681229921768,0.0583806775853506,8,33,18,62,514
87,245,5.632183908045977,4,10,3.9730018711574444,5,-1,12,0,0.14558188718833112,0.002963067013803237,6,40,1,86,1475
87,245,5.632183908045977,4,10,3.9730018711574444,5,-1,12,0,0.025405305837054137,0.04671904094350145,5,29,15,64,590
87,245,5.632183908045977,4,10,3.9730018711574444,5,-1,12,0,0.12662568809792218,0.0702125416438596,4,20,16,58,90
87,245,5.632183908045977,4,10,3.9730018711574444,5,-1,12,0,0.12789437450238278,0.013947899597625345,7,33,5,79,430
87,245,5.632183908045977,4,10,3.9730018711574444,5,-1,12,0,0.23241786988615,0.006113411231948922,6,26,4,81,599
87,245,5.632183908045977,4,10,3.9730018711574444,5,-1,12,0,0.1318569916713617,0.06798743955418814,5,19,19,58,92
87,245,5.632183908045977,4,10,3.9730018711574444,5,-1,12,0,0.2725958728594526,0.028240147339587515,5,28,11,68,104
87,245,5.632183908045977,4,10,3.9730018711574444,5,-1,12,0,0.2105024094468135,0.059652831234888716,5,36,17,63,85
87,245,5.632183908045977,4,10,3.9730018711574444,5,-1,12,0,0.10191103426852888,0.036269337065914765,4,29,10,69,225
87,245,5.632183908045977,4,10,3.9730018711574444,5,-1,12,0,0.07464991502393337,0.09058022723087172,8,33,25,55,108
87,245,5.632183908045977,4,10,3.9730018711574444,5,-1,12,0,0.1050587230103615,0.025064832010211695,4,27,6,75,211
87,245,5.632183908045977,4,10,3.9730018711574444,5,-1,12,0,0.11274194809312861,0.050718904978714556,6,21,16,65,135
87,245,5.632183908045977,4,10,3.9730018711574444,5,-1,12,0,0.13494210821620328,0.06250412442863974,6,17,15,61,85
87,245,5.632183908045977,4,10,3.9730018711574444,5,-1,12,0,0.2936292951678164,0.05114543929419854,6,39,16,66,68
87,245,5.632183908045977,4,10,3.9730018711574444,5,-1,12,0,0.2937325392987056,0.01055595696620024,6,36,5,78,333
87,245,5.632183908045977,4,10,3.9730018711574444,5,-1,12,0,0.14412379355514465,0.08085317237060201,6,0,7,0,1
87,245,5.632183908045977,4,10,3.9730018711574444,5,-1,12,0,0.29423007195640116,0.06185204225915776,5,30,14,62,74
87,245,5.632183908045977,4,10,3.9730018711574444,5,-1,12,0,0.20360310395733447,0.01652128899858059,7,35,5,78,310
87,245,5.632183908045977,4,10,3.9730018711574444,5,-1,12,0,0.21718533698662362,0.003633284626849346,6,51,0,87,1473
87,245,5.632183908045977,4,10,3.9730018711574444,5,-1,12,0,0.1250170609205299,0.0715962906846297,6,30,15,65,110
87,245,5.632183908045977,4,10,3.9730018711574444,5,-1,12,0,0.2744684067067737,0.08641954167479336,4,17,34,28,24
87,245,5.632183908045977,4,10,3.9730018711574444,5,-1,12,0,0.10130538728022405,0.046495269065835836,6,34,11,68,182
87,245,5.632183908045977,4,10,3.9730018711574444,5,-1,12,0,0.07731496674479835,0.00310502956799866,5,54,1,86,2922
87,245,5.632183908045977,4,10,3.9730018711574444,5,-1,12,0,0.10546877441920816,0.08012636362401013,6,17,27,44,60
87,245,5.632183908045977,4,10,3.9730018711574444,5,-1,12,0,0.03731768670452948,0.09404426532734997,6,17,27,37,102
87,245,5.632183908045977,4,10,3.9730018711574444,5,-1,12,0,0.2478085388518912,0.06852661797956866,4,35,22,57,49
87,245,5.632183908045977,4,10,3.9730018711574444,5,-1,12,0,0.2554803447146812,0.09326764445426558,6,41,23,56,44
87,245,5.632183908045977,4,10,3.9730018711574444,5,-1,12,0,0.05915933016695604,0.07114414061625059,5,35,20,51,128
87,245,5.632183908045977,4,10,3.9730018711574444,5,-1,12,0,0.1779530154275639,0.07961318245744205,4,32,17,57,60
87,245,5.632183908045977,4,10,3.9730018711574444,5,-1,12,0,0.23874064575708376,0.09925860207641847,5,36,21,50,39
87,245,5.632183908045977,4,10,3.9730018711574444,5,-1,12,0,0.027862275039594854,0.08500644771254706,5,25,23,54,300
87,245,5.632183908045977,4,10,3.9730018711574444,5,-1,12,0,0.23815081487495904,0.07295792113610206,5,39,12,64,54
87,245,5.632183908045977,4,10,3.9730018711574444,5,-1,12,0,0.27927427198906724,0.005087326487110273,7,43,4,81,663
87,245,5.632183908045977,4,10,3.9730018711574444,5,-1,12,0,0.038776587153771774,0.0028543991692576874,5,40,0,86,6906
87,245,5.632183908045977,4,10,3.9730018711574444,5,-1,12,0,0.13715741005948748,0.07529254828756254,4,36,21,61,101
87,245,5.632183908045977,4,10,3.9730018711574444,5,-1,12,0,0.0360740771666315,0.07568314714952436,5,30,27,54,216
87,245,5.632183908045977,4,10,3.9730018711574444,5,-1,12,0,0.250093623415755,0.047832809533928024,6,21,18,62,100
87,245,5.632183908045977,4,10,3.9730018711574444,5,-1,12,0,0.21510731884217904,0.052062083767146536,5,34,14,60,82
87,245,5.632183908045977,4,10,3.9730018711574444,6,-1,12,0,0.04052753698630614,0.09780519454000562,5,23,28,39,129
87,245,5.632183908045977,4,10,3.9730018711574444,6,-1,12,0,0.015548024647162675,0.08632682095931347,5,16,24,52,338
87,245,5.632183908045977,4,10,3.9730018711574444,6,-1,12,0,0.021358212560207188,0.06887365255182719,6,14,24,39,412
87,245,5.632183908045977,4,10,3.9730018711574444,6,-1,12,0,0.0938202665454713,0.01857462632435392,5,29,10,72,415
87,245,5.632183908045977,4,10,3.9730018711574444,6,-1,12,0,0.12395387720184196,0.0716073655229115,5,7,14,48,94
87,245,5.632183908045977,4,10,3.9730018711574444,6,-1,12,0,0.14987707813972315,0.08559207367865145,4,13,22,45,49
87,245,5.632183908045977,4,10,3.9730018711574444,6,-1,12,0,0.1905421405928,0.04566952035488431,8,18,18,61,96
87,245,5.632183908045977,4,10,3.9730018711574444,6,-1,12,0,0.08979761988846689,0.06367217322889973,5,3,18,46,87
87,245,5.632183908045977,4,10,3.9730018711574444,6,-1,12,0,0.08996528703887927,0.03702513478807852,6,21,14,64,132
87,245,5.632183908045977,4,10,3.9730018711574444,6,-1,12,0,0.11800186739096925,0.08718551976966095,6,19,27,48,57
87,245,5.632183908045977,4,10,3.9730018711574444,6,-1,12,0,0.2258716264023895,0.023543868132535624,7,15,6,75,194
87,245,5.632183908045977,4,10,3.9730018711574444,6,-1,12,0,0.22442524611228118,0.01093877804836026,7,24,3,84,414
87,245,5.632183908045977,4,10,3.9730018711574444,6,-1,12,0,0.0968993868099419,0.05936543021318496,4,13,23,55,147
87,245,5.632183908045977,4,10,3.9730018711574444,6,-1,12,0,0.0670943313477797,0.020960990381672085,5,23,10,72,433
87,245,5.632183908045977,4,10,3.9730018711574444,6,-1,12,0,0.24051940481853187,0.0315556877426396,9,21,13,62,112
87,245,5.632183908045977,4,10,3.9730018711574444,6,-1,12,0,0.2551840940198846,0.04185111618588768,5,19,12,60,93
87,245,5.632183908045977,4,10,3.9730018711574444,6,-1,12,0,0.14398753640303472,0.04846557528391363,7,22,8,63,94
87,245,5.632183908045977,4,10,3.9730018711574444,6,-1,12,0,0.2902824737805012,0.017003960674620854,5,23,3,79,177
87,245,5.632183908045977,4,10,3.9730018711574444,6,-1,12,0,0.12182984647108885,0.011816510026995183,5,10,5,79,582
87,245,5.632183908045977,4,10,3.9730018711574444,6,-1,12,0,0.2503094710279915,0.00642156117042984,5,10,2,80,529
87,245,5.632183908045977,4,10,3.9730018711574444,6,-1,12,0,0.011292169665850903,0.0698878116447766,4,15,23,57,762
87,245,5.632183908045977,4,10,3.9730018711574444,6,-1,12,0,0.06004242832545827,0.06321294501803996,4,5,19,48,137
87,245,5.632183908045977,4,10,3.9730018711574444,6,-1,12,0,0.06595964200878199,0.09826594858357754,6,14,29,28,92
87,245,5.632183908045977,4,10,3.9730018711574444,6,-1,12,0,0.15840144850365465,0.055291912596615915,7,0,1,0,1
87,245,5.632183908045977,4,10,3.9730018711574444,6,-1,12,0,0.10685527167598294,0.02726264235290788,6,24,8,76,265
87,245,5.632183908045977,4,10,3.9730018711574444,6,-1,12,0,0.04109999865463328,0.013335164513308906,5,29,2,84,1100
87,245,5.632183908045977,4,10,3.9730018711574444,6,-1,12,0,0.20910201518202962,0.012105473337454566,6,5,2,79,353
87,245,5.632183908045977,4,10,3.9730018711574444,6,-1,12,0,0.2962620865880328,0.012786699036758744,6,19,2,81,216
87,245,5.632183908045977,4,10,3.9730018711574444,6,-1,12,0,0.2897260602151071,0.004871943172295353,4,18,1,85,977
87,245,5.632183908045977,4,10,3.9730018711574444,6,-1,12,0,0.23888098569548571,0.026961492816967348,6,13,7,73,133
87,245,5.632183908045977,4,10,3.9730018711574444,6,-1,12,0,0.13886606512104435,0.05664160676701614,4,14,20,48,87
87,245,5.632183908045977,4,10,3.9730018711574444,6,-1,12,0,0.2292726122528395,0.03486888765932862,7,13,10,63,108
87,245,5.632183908045977,4,10,3.9730018711574444,6,-1,12,0,0.02801065517979972,0.08318576953124644,5,16,26,50,272
87,245,5.632183908045977,4,10,3.9730018711574444,6,-1,12,0,0.18112991606192397,0.08202584975190937,6,21,23,34,41
87,245,5.632183908045977,4,10,3.9730018711574444,6,-1,12,0,0.19556567618171908,0.0664978630868414,10,5,16,27,29
87,245,5.632183908045977,4,10,3.9730018711574444,6,-1,12,0,0.15246302066036166,0.05163514311068681,6,22,18,59,95
87,245,5.632183908045977,4,10,3.9730018711574444,6,-1,12,0,0.1545455435596966,0.02575884894053958,8,21,13,69,164
87,245,5.632183908045977,4,10,3.9730018711574444,6,-1,12,0,0.2634804422339211,0.046048360633531626,5,12,13,60,67
87,245,5.632183908045977,4,10,3.9730018711574444,6,-1,12,0,0.06367815986569875,0.01531139869554252,6,9,5,76,609
87,245,5.632183908045977,4,10,3.9730018711574444,6,-1,12,0,0.028433891003705206,0.03023745495909294,4,22,6,75,920
87,245,5.632183908045977,4,10,3.9730018711574444,6,-1,12,0,0.14987289631243123,0.0910690249845346,6,18,20,39,47
87,245,5.632183908045977,4,10,3.9730018711574444,6,-1,12,0,0.1721358213743032,0.039102637136725606,4,0,7,0,1
87,245,5.632183908045977,4,10,3.9730018711574444,6,-1,12,0,0.15306942063331497,0.07915138983694706,4,11,26,42,51
87,245,5.632183908045977,4,10,3.9730018711574444,6,-1,12,0,0.2703333790836882,0.005990701572998819,4,24,3,83,528
87,245,5.632183908045977,4,10,3.9730018711574444,6,-1,12,0,0.13065866967151146,0.042538222670114686,6,20,11,72,126
87,245,5.632183908045977,4,10,3.9730018711574444,6,-1,12,0,0.10162986483925705,0.08987457003596536,6,10,29,29,61
87,245,5.632183908045977,4,10,3.9730018711574444,6,-1,12,0,0.2734578301651145,0.05274343599558549,4,11,16,34,47
87,245,5.632183908045977,4,10,3.9730018711574444,6,-1,12,0,0.2062799215304002,0.0196243494696845,5,25,9,76,182
87,245,5.632183908045977,4,10,3.9730018711574444,6,-1,12,0,0.09574409426017319,0.08151030124775019,6,20,22,44,98
87,245,5.632183908045977,4,10,3.9730018711574444,6,-1,12,0,0.033919476272133466,0.0982879177726264,7,10,30,40,174
87,245,5.632183908045977,4,10,3.9730018711574444,6,-1,12,0,0.025482966376403342,0.0861823426186059,10,18,23,49,229
87,245,5.632183908045977,4,10,3.9730018711574444,6,-1,12,0,0.010519665436989931,0.023107353506411493,5,21,6,76,2994
87,245,5.632183908045977,4,10,3.9730018711574444,6,-1,12,0,0.15610855655645892,0.0065790712942444055,6,22,3,83,992
87,245,5.632183908045977,4,10,3.9730018711574444,6,-1,12,0,0.12878378678892533,0.0673725656785755,4,19,22,44,72
87,245,5.632183908045977,4,10,3.9730018711574444,6,-1,12,0,0.09814418563984215,0.09947582023852594,5,9,24,43,79
87,245,5.632183908045977,4,10,3.9730018711574444,6,-1,12,0,0.020011702665735924,0.011345835185033383,5,14,2,83,2678
87,245,5.632183908045977,4,10,3.9730018711574444,6,-1,12,0,0.07549670168016072,0.05364729148909097,6,15,14,61,182
87,245,5.632183908045977,4,10,3.9730018711574444,6,-1,12,0,0.19349456589916308,0.05276207295420652,6,17,19,57,71
87,245,5.632183908045977,4,10,3.9730018711574444,6,-1,12,0,0.2931828990422458,0.040172068660797665,8,11,10,61,96
87,245,5.632183908045977,4,10,3.9730018711574444,6,-1,12,0,0.2127746632829324,0.011632075208144063,4,16,6,75,298
87,245,5.632183908045977,4,10,3.9730018711574444,6,-1,12,0,0.019752724963396515,0.037062782896644476,6,23,10,72,890
87,245,5.632183908045977,4,10,3.9730018711574444,6,-1,12,0,0.11376244162112185,0.07700093238052745,4,14,22,46,75
87,245,5.632183908045977,4,10,3.9730018711574444,6,-1,12,0,0.1744877447982544,0.0032455878649927843,7,11,0,86,1393
87,245,5.632183908045977,4,10,3.9730018711574444,6,-1,12,0,0.22951380395297144,0.08722666997772723,5,7,33,22,26
87,245,5.632183908045977,4,10,3.9730018711574444,6,-1,12,0,0.09070271133427324,0.029695281633604558,5,31,9,71,286
87,245,5.632183908045977,4,10,3.9730018711574444,6,-1,12,0,0.0466376108160568,0.028180057016700368,4,18,6,78,521
87,245,5.632183908045977,4,10,3.9730018711574444,6,-1,12,0,0.16417187169123718,0.0039989063796138586,5,17,3,84,1311
87,245,5.632183908045977,4,10,3.9730018711574444,6,-1,12,0,0.05466388480536899,0.019858968708356413,4,16,11,73,553
87,245,5.632183908045977,4,10,3.9730018711574444,6,-1,12,0,0.18460193314528786,0.0032018713369530516,4,11,1,80,1677
87,245,5.632183908045977,4,10,3.9730018711574444,6,-1,12,0,0.23551617885807613,0.04397825742194644,9,6,13,55,61
87,245,5.632183908045977,4,10,3.9730018711574444,6,-1,12,0,0.2333894850079522,0.08324877371005485,7,18,24,46,44
87,245,5.632183908045977,4,10,3.9730018711574444,6,-1,12,0,0.10036437634207553,0.05031727123613883,6,19,17,46,92
87,245,5.632183908045977,4,10,3.9730018711574444,6,-1,12,0,0.10440194250934912,0.07430958216253368,8,22,23,54,136
87,245,5.632183908045977,4,10,3.9730018711574444,6,-1,12,0,0.2091234446515058,0.08872470074079507,8,15,27,50,47
87,245,5.632183908045977,4,10,3.9730018711574444,6,-1,12,0,0.24040962019668186,0.08773328003008438,6,22,25,40,32
87,245,5.632183908045977,4,10,3.9730018711574444,6,-1,12,0,0.28902608173385075,0.08265215212703632,5,13,18,52,43
87,245,5.632183908045977,4,10,3.9730018711574444,6,-1,12,0,0.28522790633561296,0.04678842503705401,6,14,12,63,72
87,245,5.632183908045977,4,10,3.9730018711574444,6,-1,12,0,0.08874098293784831,0.08256735351683207,5,11,26,46,103
87,245,5.632183908045977,4,10,3.9730018711574444,6,-1,12,0,0.05097494501598028,0.08949500722176261,6,21,28,52,167
87,245,5.632183908045977,4,10,3.9730018711574444,6,-1,12,0,0.18781885538568457,0.008161202425716788,10,31,6,78,468
87,245,5.632183908045977,4,10,3.9730018711574444,6,-1,12,0,0.17927429103648052,0.03406511312284185,5,30,11,70,143
87,245,5.632183908045977,4,10,3.9730018711574444,6,-1,12,0,0.23926355752816414,0.065780298763937,5,12,23,41,47
87,245,5.632183908045977,4,10,3.9730018711574444,6,-1,12,0,0.058279867699871514,0.017454251015752154,4,16,2,76,600
87,245,5.632183908045977,4,10,3.9730018711574444,6,-1,12,0,0.12507125989464798,0.07579770976256814,7,19,21,58,82
87,245,5.632183908045977,4,10,3.9730018711574444,6,-1,12,0,0.2932354701528708,0.05673807397486595,6,5,19,45,47
87,245,5.632183908045977,4,10,3.9730018711574444,6,-1,12,0,0.02382184044639006,0.05756184882178045,4,23,14,64,722
87,245,5.632183908045977,4,10,3.9730018711574444,6,-1,12,0,0.28927551915212846,0.009641270078911867,5,22,4,82,400
87,245,5.632183908045977,4,10,3.9730018711574444,6,-1,12,0,0.26086533916496685,0.004334654160318495,5,11,1,84,690
87,245,5.632183908045977,4,10,3.9730018711574444,6,-1,12,0,0.17514756873436044,0.010180890678196455,6,28,3,83,500
87,245,5.632183908045977,4,10,3.9730018711574444,6,-1,12,0,0.03470908820166574,0.06998826357399832,5,16,20,54,238
87,245,5.632183908045977,4,10,3.9730018711574444,6,-1,12,0,0.14970171344517272,0.057517022658023755,8,18,23,46,90
87,245,5.632183908045977,4,10,3.9730018711574444,6,-1,12,0,0.01349590230488962,0.025101143494677337,6,7,7,68,1609
87,245,5.632183908045977,4,10,3.9730018711574444,6,-1,12,0,0.04381928651863345,0.04560363093150819,6,15,19,55,274
87,245,5.632183908045977,4,10,3.9730018711574444,6,-1,12,0,0.06621941461215329,0.09374337441402064,10,17,18,54,134
87,245,5.632183908045977,4,10,3.9730018711574444,6,-1,12,0,0.09642782019406089,0.02443767597544732,5,24,4,78,348
87,245,5.632183908045977,4,10,3.9730018711574444,6,-1,12,0,0.2735691225976474,0.009780452182296433,4,27,3,80,389
87,245,5.632183908045977,4,10,3.9730018711574444,6,-1,12,0,0.0504242080788254,0.08129373978006516,5,17,24,56,153
87,245,5.632183908045977,4,10,3.9730018711574444,6,-1,12,0,0.022399172220299142,0.06819154286108874,7,13,14,62,472
87,245,5.632183908045977,4,10,3.9730018711574444,6,-1,12,0,0.21978597924964086,0.027242408873686216,5,12,16,57,95
87,245,5.632183908045977,4,10,3.9730018711574444,6,-1,12,0,0.018983017538601953,0.01678874226834617,4,21,5,79,2836
