proba is,proba sr,nombre hpb,nombre shp,pic,cumul inf
0.1,0.01,1,0,198,160446
0.1,0.01,1,1,197,176366
0.1,0.01,1,2,198,176185
0.1,0.01,1,3,196,139253
0.1,0.01,1,4,195,155324
0.1,0.01,2,0,196,173149
0.1,0.01,2,1,195,173112
0.1,0.01,2,2,196,146492
0.1,0.01,2,3,195,139250
0.1,0.01,2,4,198,143685
0.1,0.01,3,0,199,149298
0.1,0.01,3,1,197,149776
0.1,0.01,3,2,198,136284
0.1,0.01,3,3,198,159812
0.1,0.01,3,4,200,130644
0.1,0.01,4,0,200,145380
0.1,0.01,4,1,199,142683
0.1,0.01,4,2,198,140294
0.1,0.01,4,3,196,137714
0.1,0.01,4,4,197,151405
0.1,0.01,5,0,194,160693
0.1,0.01,5,1,196,148323
0.1,0.01,5,2,197,137369
0.1,0.01,5,3,196,165324
0.1,0.01,5,4,197,149643
0.1,0.015,1,0,199,124195
0.1,0.015,1,1,197,106796
0.1,0.015,1,2,193,114321
0.1,0.015,1,3,194,104139
0.1,0.015,1,4,196,122688
0.1,0.015,2,0,196,91582
0.1,0.015,2,1,194,116534
0.1,0.015,2,2,188,88298
0.1,0.015,2,3,196,91645
0.1,0.015,2,4,198,103612
0.1,0.015,3,0,197,98769
0.1,0.015,3,1,198,111884
0.1,0.015,3,2,194,98480
0.1,0.015,3,3,196,82067
0.1,0.015,3,4,198,95544
0.1,0.015,4,0,195,103721
0.1,0.015,4,1,196,104344
0.1,0.015,4,2,193,100133
0.1,0.015,4,3,197,99820
0.1,0.015,4,4,198,92399
0.1,0.015,5,0,196,111904
0.1,0.015,5,1,199,103032
0.1,0.015,5,2,196,90513
0.1,0.015,5,3,190,90925
0.1,0.015,5,4,197,82068
0.1,0.02,1,0,191,89514
0.1,0.02,1,1,195,80335
0.1,0.02,1,2,195,84120
0.1,0.02,1,3,190,73383
0.1,0.02,1,4,196,75744
0.1,0.02,2,0,194,69098
0.1,0.02,2,1,197,84234
0.1,0.02,2,2,191,77822
0.1,0.02,2,3,190,68472
0.1,0.02,2,4,194,72630
0.1,0.02,3,0,195,67572
0.1,0.02,3,1,191,71962
0.1,0.02,3,2,197,81467
0.1,0.02,3,3,196,77784
0.1,0.02,3,4,194,70792
0.1,0.02,4,0,192,76321
0.1,0.02,4,1,190,60689
0.1,0.02,4,2,195,77843
0.1,0.02,4,3,195,72765
0.1,0.02,4,4,186,60410
0.1,0.02,5,0,195,78868
0.1,0.02,5,1,196,72863
0.1,0.02,5,2,195,70201
0.1,0.02,5,3,191,67290
0.1,0.02,5,4,187,69780
0.1,0.025,1,0,188,59367
0.1,0.025,1,1,193,63161
0.1,0.025,1,2,191,59258
0.1,0.025,1,3,196,57413
0.1,0.025,1,4,193,66733
0.1,0.025,2,0,190,60387
0.1,0.025,2,1,192,63059
0.1,0.025,2,2,180,51971
0.1,0.025,2,3,185,56398
0.1,0.025,2,4,191,54455
0.1,0.025,3,0,190,64770
0.1,0.025,3,1,193,68766
0.1,0.025,3,2,187,60849
0.1,0.025,3,3,192,57576
0.1,0.025,3,4,194,63178
0.1,0.025,4,0,190,60967
0.1,0.025,4,1,188,57375
0.1,0.025,4,2,191,54271
0.1,0.025,4,3,194,57227
0.1,0.025,4,4,192,54542
0.1,0.025,5,0,194,57111
0.1,0.025,5,1,194,66701
0.1,0.025,5,2,192,64701
0.1,0.025,5,3,190,59920
0.1,0.025,5,4,191,53168
0.1,0.03,1,0,185,51460
0.1,0.03,1,1,191,42617
0.1,0.03,1,2,187,46813
0.1,0.03,1,3,193,46930
0.1,0.03,1,4,192,45239
0.1,0.03,2,0,189,58144
0.1,0.03,2,1,194,46965
0.1,0.03,2,2,182,42270
0.1,0.03,2,3,185,48710
0.1,0.03,2,4,191,45507
0.1,0.03,3,0,194,62187
0.1,0.03,3,1,185,43559
0.1,0.03,3,2,191,53248
0.1,0.03,3,3,190,49744
0.1,0.03,3,4,188,50680
0.1,0.03,4,0,187,46138
0.1,0.03,4,1,193,47176
0.1,0.03,4,2,192,50850
0.1,0.03,4,3,195,46895
0.1,0.03,4,4,188,56742
0.1,0.03,5,0,193,51280
0.1,0.03,5,1,190,50082
0.1,0.03,5,2,192,47059
0.1,0.03,5,3,194,48509
0.1,0.03,5,4,195,48803
0.1,0.035,1,0,194,47519
0.1,0.035,1,1,192,43640
0.1,0.035,1,2,192,46971
0.1,0.035,1,3,197,44414
0.1,0.035,1,4,192,40721
0.1,0.035,2,0,187,44093
0.1,0.035,2,1,193,45270
0.1,0.035,2,2,188,40092
0.1,0.035,2,3,192,36232
0.1,0.035,2,4,192,45581
0.1,0.035,3,0,189,47399
0.1,0.035,3,1,191,41036
0.1,0.035,3,2,189,43522
0.1,0.035,3,3,182,34597
0.1,0.035,3,4,180,40823
0.1,0.035,4,0,187,41126
0.1,0.035,4,1,189,39966
0.1,0.035,4,2,194,43822
0.1,0.035,4,3,182,34234
0.1,0.035,4,4,192,40147
0.1,0.035,5,0,191,43222
0.1,0.035,5,1,192,46854
0.1,0.035,5,2,190,36457
0.1,0.035,5,3,187,38267
0.1,0.035,5,4,186,40155
0.1,0.04,1,0,192,44472
0.1,0.04,1,1,189,34641
0.1,0.04,1,2,190,33942
0.1,0.04,1,3,191,39735
0.1,0.04,1,4,194,34776
0.1,0.04,2,0,190,41037
0.1,0.04,2,1,190,37644
0.1,0.04,2,2,188,34206
0.1,0.04,2,3,187,36535
0.1,0.04,2,4,183,34577
0.1,0.04,3,0,179,37252
0.1,0.04,3,1,180,38399
0.1,0.04,3,2,183,35568
0.1,0.04,3,3,187,33901
0.1,0.04,3,4,184,35790
0.1,0.04,4,0,190,34844
0.1,0.04,4,1,191,37829
0.1,0.04,4,2,187,29673
0.1,0.04,4,3,196,37910
0.1,0.04,4,4,185,37472
0.1,0.04,5,0,183,33574
0.1,0.04,5,1,189,37215
0.1,0.04,5,2,190,31869
0.1,0.04,5,3,189,32718
0.1,0.04,5,4,190,37679
0.1,0.045,1,0,186,37853
0.1,0.045,1,1,190,32509
0.1,0.045,1,2,190,34070
0.1,0.045,1,3,183,35117
0.1,0.045,1,4,192,34555
0.1,0.045,2,0,188,38368
0.1,0.045,2,1,179,33101
0.1,0.045,2,2,184,31174
0.1,0.045,2,3,193,30436
0.1,0.045,2,4,183,34384
0.1,0.045,3,0,190,31657
0.1,0.045,3,1,192,37423
0.1,0.045,3,2,186,31069
0.1,0.045,3,3,188,27075
0.1,0.045,3,4,188,30988
0.1,0.045,4,0,184,33449
0.1,0.045,4,1,181,29107
0.1,0.045,4,2,192,37155
0.1,0.045,4,3,186,35977
0.1,0.045,4,4,186,30179
0.1,0.045,5,0,183,32345
0.1,0.045,5,1,189,30407
0.1,0.045,5,2,189,33435
0.1,0.045,5,3,188,30973
0.1,0.045,5,4,190,30881
0.1,0.05,1,0,180,30377
0.1,0.05,1,1,188,33125
0.1,0.05,1,2,178,30965
0.1,0.05,1,3,198,37094
0.1,0.05,1,4,181,25138
0.1,0.05,2,0,180,24466
0.1,0.05,2,1,187,26783
0.1,0.05,2,2,185,30515
0.1,0.05,2,3,180,29647
0.1,0.05,2,4,190,36139
0.1,0.05,3,0,182,30843
0.1,0.05,3,1,189,29254
0.1,0.05,3,2,177,30267
0.1,0.05,3,3,181,25643
0.1,0.05,3,4,184,26246
0.1,0.05,4,0,180,24311
0.1,0.05,4,1,179,27308
0.1,0.05,4,2,182,26870
0.1,0.05,4,3,185,26557
0.1,0.05,4,4,195,30578
0.1,0.05,5,0,186,28523
0.1,0.05,5,1,190,27897
0.1,0.05,5,2,195,30721
0.1,0.05,5,3,186,24652
0.1,0.05,5,4,184,29179
0.1,0.055,1,0,187,31374
0.1,0.055,1,1,186,28858
0.1,0.055,1,2,172,24541
0.1,0.055,1,3,176,23423
0.1,0.055,1,4,193,27122
0.1,0.055,2,0,183,24696
0.1,0.055,2,1,182,24798
0.1,0.055,2,2,184,27488
0.1,0.055,2,3,174,28160
0.1,0.055,2,4,182,26881
0.1,0.055,3,0,183,30518
0.1,0.055,3,1,182,27130
0.1,0.055,3,2,189,26951
0.1,0.055,3,3,188,23703
0.1,0.055,3,4,170,22450
0.1,0.055,4,0,182,24262
0.1,0.055,4,1,182,23396
0.1,0.055,4,2,188,25737
0.1,0.055,4,3,175,23079
0.1,0.055,4,4,186,24500
0.1,0.055,5,0,178,27009
0.1,0.055,5,1,181,27355
0.1,0.055,5,2,187,22847
0.1,0.055,5,3,190,26379
0.1,0.055,5,4,188,27031
0.1,0.06,1,0,181,28110
0.1,0.06,1,1,176,28279
0.1,0.06,1,2,179,25801
0.1,0.06,1,3,179,24520
0.1,0.06,1,4,176,25124
0.1,0.06,2,0,183,26319
0.1,0.06,2,1,182,22597
0.1,0.06,2,2,173,25001
0.1,0.06,2,3,193,29666
0.1,0.06,2,4,174,20085
0.1,0.06,3,0,181,24252
0.1,0.06,3,1,180,23894
0.1,0.06,3,2,186,24376
0.1,0.06,3,3,183,23886
0.1,0.06,3,4,191,23543
0.1,0.06,4,0,186,27723
0.1,0.06,4,1,180,23416
0.1,0.06,4,2,179,25669
0.1,0.06,4,3,178,21231
0.1,0.06,4,4,174,20485
0.1,0.06,5,0,187,24426
0.1,0.06,5,1,190,22925
0.1,0.06,5,2,180,20069
0.1,0.06,5,3,183,22183
0.1,0.06,5,4,177,22195
0.15,0.01,1,0,195,108283
0.15,0.01,1,1,198,115927
0.15,0.01,1,2,197,99510
0.15,0.01,1,3,196,107294
0.15,0.01,1,4,197,111785
0.15,0.01,2,0,196,107391
0.15,0.01,2,1,197,107233
0.15,0.01,2,2,197,96720
0.15,0.01,2,3,195,86470
0.15,0.01,2,4,192,113776
0.15,0.01,3,0,196,104390
0.15,0.01,3,1,196,101817
0.15,0.01,3,2,198,112297
0.15,0.01,3,3,197,99416
0.15,0.01,3,4,194,93077
0.15,0.01,4,0,199,123284
0.15,0.01,4,1,195,105236
0.15,0.01,4,2,196,89780
0.15,0.01,4,3,196,107308
0.15,0.01,4,4,198,107267
0.15,0.01,5,0,200,107255
0.15,0.01,5,1,196,101734
0.15,0.01,5,2,200,103219
0.15,0.01,5,3,199,95717
0.15,0.01,5,4,187,92651
0.15,0.015,1,0,192,68801
0.15,0.015,1,1,195,82509
0.15,0.015,1,2,198,81383
0.15,0.015,1,3,192,64146
0.15,0.015,1,4,197,71160
0.15,0.015,2,0,193,70877
0.15,0.015,2,1,187,77740
0.15,0.015,2,2,195,72030
0.15,0.015,2,3,199,71074
0.15,0.015,2,4,194,71873
0.15,0.015,3,0,195,73857
0.15,0.015,3,1,199,78742
0.15,0.015,3,2,198,71721
0.15,0.015,3,3,190,74402
0.15,0.015,3,4,198,72116
0.15,0.015,4,0,199,67497
0.15,0.015,4,1,196,75814
0.15,0.015,4,2,192,71798
0.15,0.015,4,3,199,66886
0.15,0.015,4,4,194,64016
0.15,0.015,5,0,194,72289
0.15,0.015,5,1,194,70649
0.15,0.015,5,2,195,60777
0.15,0.015,5,3,193,63585
0.15,0.015,5,4,196,62506
0.15,0.02,1,0,190,59517
0.15,0.02,1,1,193,54461
0.15,0.02,1,2,195,57801
0.15,0.02,1,3,196,58772
0.15,0.02,1,4,192,57928
0.15,0.02,2,0,195,60403
0.15,0.02,2,1,196,42099
0.15,0.02,2,2,193,54505
0.15,0.02,2,3,189,49911
0.15,0.02,2,4,193,45004
0.15,0.02,3,0,194,51845
0.15,0.02,3,1,189,47493
0.15,0.02,3,2,193,56752
0.15,0.02,3,3,196,50328
0.15,0.02,3,4,190,40490
0.15,0.02,4,0,194,47488
0.15,0.02,4,1,190,44766
0.15,0.02,4,2,193,50188
0.15,0.02,4,3,195,54468
0.15,0.02,4,4,198,48436
0.15,0.02,5,0,197,54988
0.15,0.02,5,1,193,46360
0.15,0.02,5,2,194,53014
0.15,0.02,5,3,195,58233
0.15,0.02,5,4,194,52165
0.15,0.025,1,0,187,47476
0.15,0.025,1,1,187,45252
0.15,0.025,1,2,187,41407
0.15,0.025,1,3,193,37952
0.15,0.025,1,4,184,36072
0.15,0.025,2,0,189,40322
0.15,0.025,2,1,195,41670
0.15,0.025,2,2,190,37100
0.15,0.025,2,3,194,38843
0.15,0.025,2,4,193,44118
0.15,0.025,3,0,189,43601
0.15,0.025,3,1,194,43553
0.15,0.025,3,2,194,45498
0.15,0.025,3,3,194,39329
0.15,0.025,3,4,194,43121
0.15,0.025,4,0,193,39360
0.15,0.025,4,1,194,42444
0.15,0.025,4,2,192,35163
0.15,0.025,4,3,192,42413
0.15,0.025,4,4,191,39769
0.15,0.025,5,0,191,37548
0.15,0.025,5,1,190,37476
0.15,0.025,5,2,186,34247
0.15,0.025,5,3,192,40064
0.15,0.025,5,4,190,39950
0.15,0.03,1,0,190,41916
0.15,0.03,1,1,187,37772
0.15,0.03,1,2,188,38572
0.15,0.03,1,3,191,35322
0.15,0.03,1,4,187,30620
0.15,0.03,2,0,191,36628
0.15,0.03,2,1,185,39843
0.15,0.03,2,2,192,32803
0.15,0.03,2,3,192,33448
0.15,0.03,2,4,183,36437
0.15,0.03,3,0,190,38287
0.15,0.03,3,1,195,37861
0.15,0.03,3,2,189,30823
0.15,0.03,3,3,194,37333
0.15,0.03,3,4,196,33610
0.15,0.03,4,0,193,34809
0.15,0.03,4,1,192,31367
0.15,0.03,4,2,192,36583
0.15,0.03,4,3,182,28154
0.15,0.03,4,4,190,29266
0.15,0.03,5,0,178,26936
0.15,0.03,5,1,191,31635
0.15,0.03,5,2,197,33686
0.15,0.03,5,3,190,32139
0.15,0.03,5,4,192,33164
0.15,0.035,1,0,183,33662
0.15,0.035,1,1,188,29865
0.15,0.035,1,2,187,35706
0.15,0.035,1,3,191,27362
0.15,0.035,1,4,185,28746
0.15,0.035,2,0,191,29567
0.15,0.035,2,1,191,34611
0.15,0.035,2,2,188,28105
0.15,0.035,2,3,189,27049
0.15,0.035,2,4,188,28845
0.15,0.035,3,0,194,35712
0.15,0.035,3,1,193,27515
0.15,0.035,3,2,191,31081
0.15,0.035,3,3,185,26345
0.15,0.035,3,4,186,27210
0.15,0.035,4,0,186,28812
0.15,0.035,4,1,190,27435
0.15,0.035,4,2,186,23366
0.15,0.035,4,3,192,31702
0.15,0.035,4,4,195,28191
0.15,0.035,5,0,183,27981
0.15,0.035,5,1,190,33260
0.15,0.035,5,2,187,23325
0.15,0.035,5,3,191,29395
0.15,0.035,5,4,194,29256
0.15,0.04,1,0,192,26743
0.15,0.04,1,1,188,24535
0.15,0.04,1,2,193,24612
0.15,0.04,1,3,190,24300
0.15,0.04,1,4,187,23601
0.15,0.04,2,0,185,26955
0.15,0.04,2,1,193,26589
0.15,0.04,2,2,189,25338
0.15,0.04,2,3,191,23538
0.15,0.04,2,4,191,24729
0.15,0.04,3,0,182,25020
0.15,0.04,3,1,187,26268
0.15,0.04,3,2,189,24607
0.15,0.04,3,3,193,27531
0.15,0.04,3,4,189,27915
0.15,0.04,4,0,186,25398
0.15,0.04,4,1,192,23313
0.15,0.04,4,2,191,24297
0.15,0.04,4,3,187,23902
0.15,0.04,4,4,189,24030
0.15,0.04,5,0,192,27056
0.15,0.04,5,1,181,26294
0.15,0.04,5,2,185,27157
0.15,0.04,5,3,179,21006
0.15,0.04,5,4,188,26754
0.15,0.045,1,0,190,26638
0.15,0.045,1,1,181,22350
0.15,0.045,1,2,175,23115
0.15,0.045,1,3,183,20940
0.15,0.045,1,4,185,23333
0.15,0.045,2,0,186,21784
0.15,0.045,2,1,188,25188
0.15,0.045,2,2,180,20738
0.15,0.045,2,3,185,21599
0.15,0.045,2,4,193,25829
0.15,0.045,3,0,184,22993
0.15,0.045,3,1,188,22983
0.15,0.045,3,2,186,20647
0.15,0.045,3,3,186,19186
0.15,0.045,3,4,182,23297
0.15,0.045,4,0,187,21574
0.15,0.045,4,1,188,23503
0.15,0.045,4,2,190,24304
0.15,0.045,4,3,188,24167
0.15,0.045,4,4,177,18770
0.15,0.045,5,0,175,17268
0.15,0.045,5,1,192,23735
0.15,0.045,5,2,181,19911
0.15,0.045,5,3,184,20675
0.15,0.045,5,4,181,23139
0.15,0.05,1,0,185,22293
0.15,0.05,1,1,187,20233
0.15,0.05,1,2,191,20498
0.15,0.05,1,3,189,21718
0.15,0.05,1,4,191,20937
0.15,0.05,2,0,184,18752
0.15,0.05,2,1,187,21844
0.15,0.05,2,2,191,20517
0.15,0.05,2,3,193,23630
0.15,0.05,2,4,185,20305
0.15,0.05,3,0,186,23033
0.15,0.05,3,1,183,21947
0.15,0.05,3,2,182,20267
0.15,0.05,3,3,178,17739
0.15,0.05,3,4,182,20011
0.15,0.05,4,0,187,24386
0.15,0.05,4,1,189,19551
0.15,0.05,4,2,185,20024
0.15,0.05,4,3,181,20861
0.15,0.05,4,4,175,15705
0.15,0.05,5,0,189,17989
0.15,0.05,5,1,181,18656
0.15,0.05,5,2,182,16816
0.15,0.05,5,3,179,16729
0.15,0.05,5,4,175,15082
0.15,0.055,1,0,182,17150
0.15,0.055,1,1,180,16881
0.15,0.055,1,2,185,18791
0.15,0.055,1,3,178,18538
0.15,0.055,1,4,180,20770
0.15,0.055,2,0,182,18861
0.15,0.055,2,1,186,20908
0.15,0.055,2,2,181,17149
0.15,0.055,2,3,179,19061
0.15,0.055,2,4,188,17760
0.15,0.055,3,0,181,17478
0.15,0.055,3,1,185,19771
0.15,0.055,3,2,190,19554
0.15,0.055,3,3,182,15606
0.15,0.055,3,4,175,15496
0.15,0.055,4,0,188,17444
0.15,0.055,4,1,187,17718
0.15,0.055,4,2,185,16645
0.15,0.055,4,3,187,17951
0.15,0.055,4,4,182,16652
0.15,0.055,5,0,179,15779
0.15,0.055,5,1,184,19370
0.15,0.055,5,2,181,15427
0.15,0.055,5,3,170,12925
0.15,0.055,5,4,190,15399
0.15,0.06,1,0,157,13025
0.15,0.06,1,1,185,18347
0.15,0.06,1,2,168,14330
0.15,0.06,1,3,181,16565
0.15,0.06,1,4,184,13785
0.15,0.06,2,0,175,18113
0.15,0.06,2,1,182,15570
0.15,0.06,2,2,187,18369
0.15,0.06,2,3,181,16471
0.15,0.06,2,4,181,13919
0.15,0.06,3,0,193,18750
0.15,0.06,3,1,183,17904
0.15,0.06,3,2,186,14514
0.15,0.06,3,3,176,13966
0.15,0.06,3,4,187,16915
0.15,0.06,4,0,189,16949
0.15,0.06,4,1,172,14486
0.15,0.06,4,2,188,17710
0.15,0.06,4,3,179,16245
0.15,0.06,4,4,171,16231
0.15,0.06,5,0,172,15634
0.15,0.06,5,1,179,16265
0.15,0.06,5,2,184,17237
0.15,0.06,5,3,192,16073
0.15,0.06,5,4,185,19586
0.2,0.01,1,0,193,69124
0.2,0.01,1,1,198,86811
0.2,0.01,1,2,197,87063
0.2,0.01,1,3,199,75084
0.2,0.01,1,4,195,87282
0.2,0.01,2,0,199,79085
0.2,0.01,2,1,196,68030
0.2,0.01,2,2,197,84305
0.2,0.01,2,3,200,92307
0.2,0.01,2,4,200,73045
0.2,0.01,3,0,194,75138
0.2,0.01,3,1,197,85438
0.2,0.01,3,2,199,90693
0.2,0.01,3,3,199,89177
0.2,0.01,3,4,197,69572
0.2,0.01,4,0,197,86918
0.2,0.01,4,1,195,89910
0.2,0.01,4,2,199,79759
0.2,0.01,4,3,193,90008
0.2,0.01,4,4,196,82790
0.2,0.01,5,0,198,81556
0.2,0.01,5,1,197,83694
0.2,0.01,5,2,199,69074
0.2,0.01,5,3,200,78037
0.2,0.01,5,4,195,70631
0.2,0.015,1,0,196,58621
0.2,0.015,1,1,195,55533
0.2,0.015,1,2,195,53809
0.2,0.015,1,3,199,49918
0.2,0.015,1,4,192,47657
0.2,0.015,2,0,198,50455
0.2,0.015,2,1,188,55185
0.2,0.015,2,2,194,57003
0.2,0.015,2,3,193,54810
0.2,0.015,2,4,196,59180
0.2,0.015,3,0,194,50386
0.2,0.015,3,1,195,57674
0.2,0.015,3,2,196,53220
0.2,0.015,3,3,193,55683
0.2,0.015,3,4,195,54705
0.2,0.015,4,0,191,50636
0.2,0.015,4,1,191,53713
0.2,0.015,4,2,197,60467
0.2,0.015,4,3,198,56458
0.2,0.015,4,4,193,47046
0.2,0.015,5,0,196,49184
0.2,0.015,5,1,196,57951
0.2,0.015,5,2,196,51438
0.2,0.015,5,3,199,49068
0.2,0.015,5,4,192,50954
0.2,0.02,1,0,188,44976
0.2,0.02,1,1,194,43030
0.2,0.02,1,2,192,39779
0.2,0.02,1,3,192,42643
0.2,0.02,1,4,192,37523
0.2,0.02,2,0,195,38676
0.2,0.02,2,1,196,41752
0.2,0.02,2,2,194,44351
0.2,0.02,2,3,195,38430
0.2,0.02,2,4,192,44357
0.2,0.02,3,0,196,45686
0.2,0.02,3,1,192,40898
0.2,0.02,3,2,191,40511
0.2,0.02,3,3,194,41388
0.2,0.02,3,4,192,39457
0.2,0.02,4,0,194,42356
0.2,0.02,4,1,196,39734
0.2,0.02,4,2,195,36639
0.2,0.02,4,3,196,38055
0.2,0.02,4,4,193,40070
0.2,0.02,5,0,190,41030
0.2,0.02,5,1,190,37304
0.2,0.02,5,2,193,33726
0.2,0.02,5,3,185,37449
0.2,0.02,5,4,190,39554
0.2,0.025,1,0,193,35543
0.2,0.025,1,1,188,33721
0.2,0.025,1,2,192,33691
0.2,0.025,1,3,189,30864
0.2,0.025,1,4,191,30096
0.2,0.025,2,0,188,32010
0.2,0.025,2,1,190,27830
0.2,0.025,2,2,189,29622
0.2,0.025,2,3,191,31871
0.2,0.025,2,4,188,33574
0.2,0.025,3,0,192,34109
0.2,0.025,3,1,189,33407
0.2,0.025,3,2,191,31391
0.2,0.025,3,3,194,28953
0.2,0.025,3,4,189,27205
0.2,0.025,4,0,195,29000
0.2,0.025,4,1,183,32537
0.2,0.025,4,2,191,27437
0.2,0.025,4,3,196,34442
0.2,0.025,4,4,183,28187
0.2,0.025,5,0,189,31790
0.2,0.025,5,1,191,30863
0.2,0.025,5,2,194,33662
0.2,0.025,5,3,197,30286
0.2,0.025,5,4,191,32789
0.2,0.03,1,0,188,28698
0.2,0.03,1,1,191,27999
0.2,0.03,1,2,194,29095
0.2,0.03,1,3,190,28141
0.2,0.03,1,4,188,22819
0.2,0.03,2,0,193,30878
0.2,0.03,2,1,196,30301
0.2,0.03,2,2,194,27776
0.2,0.03,2,3,193,24331
0.2,0.03,2,4,184,32217
0.2,0.03,3,0,192,25679
0.2,0.03,3,1,186,24635
0.2,0.03,3,2,194,30007
0.2,0.03,3,3,187,24068
0.2,0.03,3,4,190,27313
0.2,0.03,4,0,195,26723
0.2,0.03,4,1,192,28586
0.2,0.03,4,2,187,21418
0.2,0.03,4,3,191,26013
0.2,0.03,4,4,193,27529
0.2,0.03,5,0,192,24774
0.2,0.03,5,1,193,25878
0.2,0.03,5,2,187,24095
0.2,0.03,5,3,191,27555
0.2,0.03,5,4,191,24236
0.2,0.035,1,0,191,23715
0.2,0.035,1,1,191,22215
0.2,0.035,1,2,191,26373
0.2,0.035,1,3,194,26970
0.2,0.035,1,4,187,21583
0.2,0.035,2,0,187,24928
0.2,0.035,2,1,192,23306
0.2,0.035,2,2,191,24998
0.2,0.035,2,3,193,23774
0.2,0.035,2,4,187,22724
0.2,0.035,3,0,185,23999
0.2,0.035,3,1,191,23350
0.2,0.035,3,2,193,20822
0.2,0.035,3,3,178,19325
0.2,0.035,3,4,191,22886
0.2,0.035,4,0,192,22726
0.2,0.035,4,1,185,22220
0.2,0.035,4,2,184,20689
0.2,0.035,4,3,177,19897
0.2,0.035,4,4,190,25448
0.2,0.035,5,0,186,22929
0.2,0.035,5,1,191,22149
0.2,0.035,5,2,189,20249
0.2,0.035,5,3,182,21756
0.2,0.035,5,4,186,22510
0.2,0.04,1,0,185,22539
0.2,0.04,1,1,179,20037
0.2,0.04,1,2,191,20097
0.2,0.04,1,3,187,18308
0.2,0.04,1,4,190,22827
0.2,0.04,2,0,195,21787
0.2,0.04,2,1,186,18862
0.2,0.04,2,2,184,20465
0.2,0.04,2,3,189,18461
0.2,0.04,2,4,180,19512
0.2,0.04,3,0,190,20025
0.2,0.04,3,1,181,17568
0.2,0.04,3,2,190,19146
0.2,0.04,3,3,193,19855
0.2,0.04,3,4,187,21098
0.2,0.04,4,0,188,19645
0.2,0.04,4,1,192,20418
0.2,0.04,4,2,194,20928
0.2,0.04,4,3,193,19026
0.2,0.04,4,4,177,18299
0.2,0.04,5,0,186,20865
0.2,0.04,5,1,191,21506
0.2,0.04,5,2,191,19537
0.2,0.04,5,3,184,18859
0.2,0.04,5,4,189,19917
0.2,0.045,1,0,186,17641
0.2,0.045,1,1,188,19769
0.2,0.045,1,2,191,16506
0.2,0.045,1,3,191,16622
0.2,0.045,1,4,189,15753
0.2,0.045,2,0,187,21248
0.2,0.045,2,1,183,15956
0.2,0.045,2,2,181,17958
0.2,0.045,2,3,179,16647
0.2,0.045,2,4,188,17423
0.2,0.045,3,0,190,19322
0.2,0.045,3,1,186,17651
0.2,0.045,3,2,188,20833
0.2,0.045,3,3,190,15346
0.2,0.045,3,4,185,15640
0.2,0.045,4,0,186,17664
0.2,0.045,4,1,184,15912
0.2,0.045,4,2,186,17198
0.2,0.045,4,3,186,19986
0.2,0.045,4,4,180,18074
0.2,0.045,5,0,190,19306
0.2,0.045,5,1,188,15567
0.2,0.045,5,2,174,16141
0.2,0.045,5,3,189,15335
0.2,0.045,5,4,184,13792
0.2,0.05,1,0,179,15598
0.2,0.05,1,1,187,15145
0.2,0.05,1,2,185,15823
0.2,0.05,1,3,179,14254
0.2,0.05,1,4,183,14907
0.2,0.05,2,0,177,14969
0.2,0.05,2,1,188,17149
0.2,0.05,2,2,179,15621
0.2,0.05,2,3,192,16125
0.2,0.05,2,4,183,15944
0.2,0.05,3,0,189,14799
0.2,0.05,3,1,179,17464
0.2,0.05,3,2,183,16126
0.2,0.05,3,3,182,13503
0.2,0.05,3,4,182,16569
0.2,0.05,4,0,175,13639
0.2,0.05,4,1,179,13444
0.2,0.05,4,2,186,15971
0.2,0.05,4,3,185,14967
0.2,0.05,4,4,174,11999
0.2,0.05,5,0,185,14871
0.2,0.05,5,1,183,16322
0.2,0.05,5,2,184,14712
0.2,0.05,5,3,183,13913
0.2,0.05,5,4,179,13819
0.2,0.055,1,0,174,14234
0.2,0.055,1,1,174,13979
0.2,0.055,1,2,184,15197
0.2,0.055,1,3,189,13843
0.2,0.055,1,4,182,14285
0.2,0.055,2,0,187,13973
0.2,0.055,2,1,184,15251
0.2,0.055,2,2,179,13516
0.2,0.055,2,3,181,12569
0.2,0.055,2,4,181,13074
0.2,0.055,3,0,186,15757
0.2,0.055,3,1,189,14769
0.2,0.055,3,2,177,12335
0.2,0.055,3,3,187,16029
0.2,0.055,3,4,181,15187
0.2,0.055,4,0,182,14535
0.2,0.055,4,1,186,14618
0.2,0.055,4,2,179,12955
0.2,0.055,4,3,164,10749
0.2,0.055,4,4,187,13503
0.2,0.055,5,0,187,14273
0.2,0.055,5,1,183,13134
0.2,0.055,5,2,173,11190
0.2,0.055,5,3,180,13133
0.2,0.055,5,4,187,14609
0.2,0.06,1,0,185,13390
0.2,0.06,1,1,186,13290
0.2,0.06,1,2,184,12108
0.2,0.06,1,3,180,14315
0.2,0.06,1,4,185,13678
0.2,0.06,2,0,170,10157
0.2,0.06,2,1,187,12704
0.2,0.06,2,2,178,13083
0.2,0.06,2,3,191,12019
0.2,0.06,2,4,187,13501
0.2,0.06,3,0,185,14234
0.2,0.06,3,1,190,13781
0.2,0.06,3,2,180,12522
0.2,0.06,3,3,181,12144
0.2,0.06,3,4,178,13444
0.2,0.06,4,0,181,14008
0.2,0.06,4,1,182,11278
0.2,0.06,4,2,187,14352
0.2,0.06,4,3,192,12609
0.2,0.06,4,4,184,12678
0.2,0.06,5,0,172,11659
0.2,0.06,5,1,186,10981
0.2,0.06,5,2,190,13073
0.2,0.06,5,3,168,10649
0.2,0.06,5,4,182,12135
0.25,0.01,1,0,195,83928
0.25,0.01,1,1,198,68020
0.25,0.01,1,2,200,65620
0.25,0.01,1,3,197,64519
0.25,0.01,1,4,197,66120
0.25,0.01,2,0,195,68123
0.25,0.01,2,1,195,66604
0.25,0.01,2,2,196,81201
0.25,0.01,2,3,197,60488
0.25,0.01,2,4,198,62225
0.25,0.01,3,0,198,73103
0.25,0.01,3,1,199,65003
0.25,0.01,3,2,197,56737
0.25,0.01,3,3,197,66788
0.25,0.01,3,4,196,59265
0.25,0.01,4,0,197,64822
0.25,0.01,4,1,200,63676
0.25,0.01,4,2,197,61678
0.25,0.01,4,3,200,67547
0.25,0.01,4,4,194,57430
0.25,0.01,5,0,195,60775
0.25,0.01,5,1,196,62426
0.25,0.01,5,2,193,54104
0.25,0.01,5,3,195,61039
0.25,0.01,5,4,199,67050
0.25,0.015,1,0,195,46169
0.25,0.015,1,1,195,45568
0.25,0.015,1,2,192,48299
0.25,0.015,1,3,195,42923
0.25,0.015,1,4,196,46039
0.25,0.015,2,0,194,47777
0.25,0.015,2,1,195,47907
0.25,0.015,2,2,196,48989
0.25,0.015,2,3,194,44478
0.25,0.015,2,4,195,47689
0.25,0.015,3,0,197,47757
0.25,0.015,3,1,197,48354
0.25,0.015,3,2,194,44107
0.25,0.015,3,3,193,37563
0.25,0.015,3,4,194,45753
0.25,0.015,4,0,192,41906
0.25,0.015,4,1,198,44017
0.25,0.015,4,2,192,47080
0.25,0.015,4,3,196,41244
0.25,0.015,4,4,195,42802
0.25,0.015,5,0,194,44686
0.25,0.015,5,1,197,44550
0.25,0.015,5,2,198,35385
0.25,0.015,5,3,191,41022
0.25,0.015,5,4,195,41520
0.25,0.02,1,0,194,31909
0.25,0.02,1,1,197,35061
0.25,0.02,1,2,188,29697
0.25,0.02,1,3,195,35618
0.25,0.02,1,4,195,34590
0.25,0.02,2,0,191,35744
0.25,0.02,2,1,193,36777
0.25,0.02,2,2,194,27855
0.25,0.02,2,3,193,30874
0.25,0.02,2,4,193,31769
0.25,0.02,3,0,191,31850
0.25,0.02,3,1,184,29310
0.25,0.02,3,2,193,32234
0.25,0.02,3,3,194,28243
0.25,0.02,3,4,194,35897
0.25,0.02,4,0,190,32117
0.25,0.02,4,1,194,34551
0.25,0.02,4,2,196,39698
0.25,0.02,4,3,195,33903
0.25,0.02,4,4,193,36860
0.25,0.02,5,0,191,36630
0.25,0.02,5,1,191,33337
0.25,0.02,5,2,192,34130
0.25,0.02,5,3,189,26773
0.25,0.02,5,4,194,29382
0.25,0.025,1,0,193,31167
0.25,0.025,1,1,196,24474
0.25,0.025,1,2,189,23085
0.25,0.025,1,3,184,27395
0.25,0.025,1,4,193,27417
0.25,0.025,2,0,190,30384
0.25,0.025,2,1,185,29251
0.25,0.025,2,2,196,25035
0.25,0.025,2,3,194,28765
0.25,0.025,2,4,194,27036
0.25,0.025,3,0,191,24245
0.25,0.025,3,1,175,22357
0.25,0.025,3,2,191,30637
0.25,0.025,3,3,193,25352
0.25,0.025,3,4,189,23232
0.25,0.025,4,0,190,27676
0.25,0.025,4,1,192,26882
0.25,0.025,4,2,190,27266
0.25,0.025,4,3,192,27309
0.25,0.025,4,4,187,24266
0.25,0.025,5,0,196,26893
0.25,0.025,5,1,186,28689
0.25,0.025,5,2,185,22624
0.25,0.025,5,3,189,27754
0.25,0.025,5,4,187,23536
0.25,0.03,1,0,191,20506
0.25,0.03,1,1,194,26326
0.25,0.03,1,2,189,26280
0.25,0.03,1,3,189,25637
0.25,0.03,1,4,192,22010
0.25,0.03,2,0,191,23570
0.25,0.03,2,1,194,22807
0.25,0.03,2,2,187,22471
0.25,0.03,2,3,192,23137
0.25,0.03,2,4,188,22248
0.25,0.03,3,0,190,23370
0.25,0.03,3,1,184,23715
0.25,0.03,3,2,187,22040
0.25,0.03,3,3,189,17390
0.25,0.03,3,4,184,22162
0.25,0.03,4,0,192,22839
0.25,0.03,4,1,191,16509
0.25,0.03,4,2,188,20949
0.25,0.03,4,3,188,21363
0.25,0.03,4,4,193,22538
0.25,0.03,5,0,179,18356
0.25,0.03,5,1,187,18887
0.25,0.03,5,2,190,22823
0.25,0.03,5,3,190,20984
0.25,0.03,5,4,192,19366
0.25,0.035,1,0,187,19568
0.25,0.035,1,1,191,18161
0.25,0.035,1,2,188,17113
0.25,0.035,1,3,187,18933
0.25,0.035,1,4,186,19688
0.25,0.035,2,0,182,20128
0.25,0.035,2,1,189,18655
0.25,0.035,2,2,190,19573
0.25,0.035,2,3,192,19116
0.25,0.035,2,4,192,18585
0.25,0.035,3,0,188,19187
0.25,0.035,3,1,192,20777
0.25,0.035,3,2,179,17203
0.25,0.035,3,3,181,17880
0.25,0.035,3,4,180,19233
0.25,0.035,4,0,187,17764
0.25,0.035,4,1,190,18016
0.25,0.035,4,2,188,15744
0.25,0.035,4,3,191,16948
0.25,0.035,4,4,191,20034
0.25,0.035,5,0,190,18383
0.25,0.035,5,1,190,18320
0.25,0.035,5,2,177,14849
0.25,0.035,5,3,189,18917
0.25,0.035,5,4,186,18661
0.25,0.04,1,0,190,18514
0.25,0.04,1,1,194,17447
0.25,0.04,1,2,189,16863
0.25,0.04,1,3,192,16604
0.25,0.04,1,4,180,15180
0.25,0.04,2,0,188,17022
0.25,0.04,2,1,185,15757
0.25,0.04,2,2,184,15386
0.25,0.04,2,3,180,15216
0.25,0.04,2,4,187,15735
0.25,0.04,3,0,188,16100
0.25,0.04,3,1,192,15124
0.25,0.04,3,2,188,15802
0.25,0.04,3,3,186,16881
0.25,0.04,3,4,187,16839
0.25,0.04,4,0,182,15277
0.25,0.04,4,1,188,17525
0.25,0.04,4,2,179,13036
0.25,0.04,4,3,187,13432
0.25,0.04,4,4,181,14227
0.25,0.04,5,0,189,18093
0.25,0.04,5,1,196,18332
0.25,0.04,5,2,186,17487
0.25,0.04,5,3,187,15659
0.25,0.04,5,4,172,12080
0.25,0.045,1,0,188,16176
0.25,0.045,1,1,188,17299
0.25,0.045,1,2,186,13936
0.25,0.045,1,3,176,12972
0.25,0.045,1,4,184,14373
0.25,0.045,2,0,192,14234
0.25,0.045,2,1,185,14118
0.25,0.045,2,2,181,14408
0.25,0.045,2,3,186,15830
0.25,0.045,2,4,177,13662
0.25,0.045,3,0,188,14150
0.25,0.045,3,1,191,15084
0.25,0.045,3,2,175,12785
0.25,0.045,3,3,189,13768
0.25,0.045,3,4,185,15800
0.25,0.045,4,0,188,15384
0.25,0.045,4,1,186,14317
0.25,0.045,4,2,186,13774
0.25,0.045,4,3,182,12710
0.25,0.045,4,4,188,14518
0.25,0.045,5,0,177,13107
0.25,0.045,5,1,180,12081
0.25,0.045,5,2,193,14232
0.25,0.045,5,3,187,13058
0.25,0.045,5,4,178,12421
0.25,0.05,1,0,183,13526
0.25,0.05,1,1,181,12954
0.25,0.05,1,2,178,13428
0.25,0.05,1,3,172,12417
0.25,0.05,1,4,189,12950
0.25,0.05,2,0,178,13615
0.25,0.05,2,1,188,13608
0.25,0.05,2,2,187,13583
0.25,0.05,2,3,186,13071
0.25,0.05,2,4,182,13132
0.25,0.05,3,0,182,12637
0.25,0.05,3,1,181,10810
0.25,0.05,3,2,186,14041
0.25,0.05,3,3,185,12427
0.25,0.05,3,4,188,13166
0.25,0.05,4,0,178,12581
0.25,0.05,4,1,174,14014
0.25,0.05,4,2,185,13277
0.25,0.05,4,3,174,11028
0.25,0.05,4,4,177,13411
0.25,0.05,5,0,184,12131
0.25,0.05,5,1,181,11501
0.25,0.05,5,2,183,13982
0.25,0.05,5,3,186,12068
0.25,0.05,5,4,183,12144
0.25,0.055,1,0,183,11322
0.25,0.055,1,1,187,11133
0.25,0.055,1,2,189,12513
0.25,0.055,1,3,187,12427
0.25,0.055,1,4,185,11153
0.25,0.055,2,0,182,11689
0.25,0.055,2,1,187,11379
0.25,0.055,2,2,180,11638
0.25,0.055,2,3,169,9738
0.25,0.055,2,4,184,11187
0.25,0.055,3,0,185,11387
0.25,0.055,3,1,185,11218
0.25,0.055,3,2,177,10308
0.25,0.055,3,3,184,11752
0.25,0.055,3,4,180,11010
0.25,0.055,4,0,190,14051
0.25,0.055,4,1,176,11527
0.25,0.055,4,2,175,11072
0.25,0.055,4,3,185,11279
0.25,0.055,4,4,185,11697
0.25,0.055,5,0,192,11088
0.25,0.055,5,1,185,10522
0.25,0.055,5,2,183,10260
0.25,0.055,5,3,190,11840
0.25,0.055,5,4,179,12518
0.25,0.06,1,0,177,11189
0.25,0.06,1,1,174,9873
0.25,0.06,1,2,178,9396
0.25,0.06,1,3,178,9651
0.25,0.06,1,4,185,10412
0.25,0.06,2,0,181,10963
0.25,0.06,2,1,185,11341
0.25,0.06,2,2,180,11032
0.25,0.06,2,3,184,10780
0.25,0.06,2,4,184,10120
0.25,0.06,3,0,173,9272
0.25,0.06,3,1,179,9814
0.25,0.06,3,2,182,10214
0.25,0.06,3,3,185,11687
0.25,0.06,3,4,182,10229
0.25,0.06,4,0,166,10235
0.25,0.06,4,1,187,9919
0.25,0.06,4,2,174,7326
0.25,0.06,4,3,173,10531
0.25,0.06,4,4,176,10237
0.25,0.06,5,0,170,9012
0.25,0.06,5,1,167,10457
0.25,0.06,5,2,178,9490
0.25,0.06,5,3,176,8842
0.25,0.06,5,4,179,11780
0.3,0.01,1,0,195,64878
0.3,0.01,1,1,198,64032
0.3,0.01,1,2,195,62603
0.3,0.01,1,3,196,71371
0.3,0.01,1,4,198,57187
0.3,0.01,2,0,197,65297
0.3,0.01,2,1,199,61970
0.3,0.01,2,2,198,63917
0.3,0.01,2,3,196,66488
0.3,0.01,2,4,194,56658
0.3,0.01,3,0,197,59255
0.3,0.01,3,1,197,50407
0.3,0.01,3,2,199,59537
0.3,0.01,3,3,196,71371
0.3,0.01,3,4,194,54708
0.3,0.01,4,0,198,55480
0.3,0.01,4,1,194,48761
0.3,0.01,4,2,195,58588
0.3,0.01,4,3,198,52362
0.3,0.01,4,4,195,50397
0.3,0.01,5,0,197,55456
0.3,0.01,5,1,194,57706
0.3,0.01,5,2,198,59110
0.3,0.01,5,3,197,49700
0.3,0.01,5,4,193,52134
0.3,0.015,1,0,195,39206
0.3,0.015,1,1,194,43537
0.3,0.015,1,2,195,40243
0.3,0.015,1,3,187,35081
0.3,0.015,1,4,196,41262
0.3,0.015,2,0,195,39861
0.3,0.015,2,1,199,40726
0.3,0.015,2,2,197,43111
0.3,0.015,2,3,195,43139
0.3,0.015,2,4,193,39221
0.3,0.015,3,0,194,37620
0.3,0.015,3,1,198,40932
0.3,0.015,3,2,196,39505
0.3,0.015,3,3,194,41511
0.3,0.015,3,4,195,32168
0.3,0.015,4,0,196,42763
0.3,0.015,4,1,195,39060
0.3,0.015,4,2,193,41503
0.3,0.015,4,3,197,48848
0.3,0.015,4,4,194,34932
0.3,0.015,5,0,192,41648
0.3,0.015,5,1,194,38559
0.3,0.015,5,2,191,34225
0.3,0.015,5,3,193,32437
0.3,0.015,5,4,197,33511
0.3,0.02,1,0,198,30643
0.3,0.02,1,1,190,28027
0.3,0.02,1,2,193,28348
0.3,0.02,1,3,196,28742
0.3,0.02,1,4,191,32621
0.3,0.02,2,0,192,33361
0.3,0.02,2,1,191,38360
0.3,0.02,2,2,190,28794
0.3,0.02,2,3,193,29032
0.3,0.02,2,4,190,28963
0.3,0.02,3,0,189,30968
0.3,0.02,3,1,188,27562
0.3,0.02,3,2,186,25887
0.3,0.02,3,3,197,29841
0.3,0.02,3,4,195,30521
0.3,0.02,4,0,194,31809
0.3,0.02,4,1,192,25825
0.3,0.02,4,2,193,30798
0.3,0.02,4,3,191,26201
0.3,0.02,4,4,193,25969
0.3,0.02,5,0,196,24735
0.3,0.02,5,1,192,22971
0.3,0.02,5,2,192,25627
0.3,0.02,5,3,193,31116
0.3,0.02,5,4,192,28251
0.3,0.025,1,0,193,27187
0.3,0.025,1,1,193,27689
0.3,0.025,1,2,186,24791
0.3,0.025,1,3,191,24229
0.3,0.025,1,4,191,21215
0.3,0.025,2,0,186,21438
0.3,0.025,2,1,191,23711
0.3,0.025,2,2,191,21052
0.3,0.025,2,3,179,20419
0.3,0.025,2,4,192,21100
0.3,0.025,3,0,189,25402
0.3,0.025,3,1,194,21611
0.3,0.025,3,2,190,22058
0.3,0.025,3,3,190,21838
0.3,0.025,3,4,198,23471
0.3,0.025,4,0,196,22923
0.3,0.025,4,1,193,23412
0.3,0.025,4,2,192,25658
0.3,0.025,4,3,189,25853
0.3,0.025,4,4,189,20257
0.3,0.025,5,0,192,21795
0.3,0.025,5,1,193,23322
0.3,0.025,5,2,189,22382
0.3,0.025,5,3,193,20623
0.3,0.025,5,4,191,21461
0.3,0.03,1,0,188,18458
0.3,0.03,1,1,187,19010
0.3,0.03,1,2,193,18631
0.3,0.03,1,3,193,20179
0.3,0.03,1,4,190,16654
0.3,0.03,2,0,188,24641
0.3,0.03,2,1,189,18496
0.3,0.03,2,2,194,19939
0.3,0.03,2,3,194,18919
0.3,0.03,2,4,192,15815
0.3,0.03,3,0,191,19554
0.3,0.03,3,1,185,20033
0.3,0.03,3,2,186,20057
0.3,0.03,3,3,193,16574
0.3,0.03,3,4,192,17848
0.3,0.03,4,0,190,19303
0.3,0.03,4,1,187,17139
0.3,0.03,4,2,190,18840
0.3,0.03,4,3,190,20312
0.3,0.03,4,4,195,19295
0.3,0.03,5,0,195,22793
0.3,0.03,5,1,192,20379
0.3,0.03,5,2,192,21305
0.3,0.03,5,3,192,19829
0.3,0.03,5,4,192,16141
0.3,0.035,1,0,191,16957
0.3,0.035,1,1,183,17139
0.3,0.035,1,2,186,14082
0.3,0.035,1,3,192,18116
0.3,0.035,1,4,184,14999
0.3,0.035,2,0,194,17614
0.3,0.035,2,1,186,17520
0.3,0.035,2,2,192,15936
0.3,0.035,2,3,189,16614
0.3,0.035,2,4,185,16329
0.3,0.035,3,0,193,17275
0.3,0.035,3,1,194,15685
0.3,0.035,3,2,195,16006
0.3,0.035,3,3,181,14711
0.3,0.035,3,4,188,14078
0.3,0.035,4,0,185,15598
0.3,0.035,4,1,181,13660
0.3,0.035,4,2,184,15754
0.3,0.035,4,3,186,14097
0.3,0.035,4,4,190,14318
0.3,0.035,5,0,186,14124
0.3,0.035,5,1,183,15547
0.3,0.035,5,2,190,14713
0.3,0.035,5,3,188,13909
0.3,0.035,5,4,190,14640
0.3,0.04,1,0,188,16859
0.3,0.04,1,1,188,13771
0.3,0.04,1,2,188,12585
0.3,0.04,1,3,192,14808
0.3,0.04,1,4,186,13819
0.3,0.04,2,0,189,14033
0.3,0.04,2,1,185,15077
0.3,0.04,2,2,189,15493
0.3,0.04,2,3,187,12119
0.3,0.04,2,4,184,14878
0.3,0.04,3,0,179,14697
0.3,0.04,3,1,188,12767
0.3,0.04,3,2,175,12537
0.3,0.04,3,3,192,14138
0.3,0.04,3,4,181,11989
0.3,0.04,4,0,185,11779
0.3,0.04,4,1,184,14018
0.3,0.04,4,2,187,15233
0.3,0.04,4,3,182,13268
0.3,0.04,4,4,188,13823
0.3,0.04,5,0,184,11520
0.3,0.04,5,1,194,13175
0.3,0.04,5,2,184,12021
0.3,0.04,5,3,181,12171
0.3,0.04,5,4,191,13224
0.3,0.045,1,0,187,12922
0.3,0.045,1,1,183,12259
0.3,0.045,1,2,183,11300
0.3,0.045,1,3,173,11279
0.3,0.045,1,4,183,11710
0.3,0.045,2,0,185,13960
0.3,0.045,2,1,185,14325
0.3,0.045,2,2,184,10050
0.3,0.045,2,3,180,11364
0.3,0.045,2,4,175,11500
0.3,0.045,3,0,183,12416
0.3,0.045,3,1,185,13509
0.3,0.045,3,2,176,11768
0.3,0.045,3,3,191,13322
0.3,0.045,3,4,183,12690
0.3,0.045,4,0,186,11338
0.3,0.045,4,1,179,10865
0.3,0.045,4,2,185,11017
0.3,0.045,4,3,181,12208
0.3,0.045,4,4,180,11258
0.3,0.045,5,0,178,11006
0.3,0.045,5,1,174,10886
0.3,0.045,5,2,179,10667
0.3,0.045,5,3,193,13107
0.3,0.045,5,4,187,9941
0.3,0.05,1,0,193,14010
0.3,0.05,1,1,180,12699
0.3,0.05,1,2,188,11372
0.3,0.05,1,3,178,11818
0.3,0.05,1,4,179,11548
0.3,0.05,2,0,176,9944
0.3,0.05,2,1,174,10997
0.3,0.05,2,2,189,13123
0.3,0.05,2,3,178,11647
0.3,0.05,2,4,191,11771
0.3,0.05,3,0,185,12162
0.3,0.05,3,1,186,11458
0.3,0.05,3,2,183,11589
0.3,0.05,3,3,178,9394
0.3,0.05,3,4,189,11893
0.3,0.05,4,0,187,8871
0.3,0.05,4,1,175,9195
0.3,0.05,4,2,182,11330
0.3,0.05,4,3,183,10958
0.3,0.05,4,4,180,9975
0.3,0.05,5,0,186,10852
0.3,0.05,5,1,188,10448
0.3,0.05,5,2,173,10726
0.3,0.05,5,3,186,11441
0.3,0.05,5,4,183,10213
0.3,0.055,1,0,181,12224
0.3,0.055,1,1,178,9226
0.3,0.055,1,2,181,9878
0.3,0.055,1,3,177,10663
0.3,0.055,1,4,185,9671
0.3,0.055,2,0,186,9055
0.3,0.055,2,1,186,11234
0.3,0.055,2,2,188,9544
0.3,0.055,2,3,168,9350
0.3,0.055,2,4,177,10484
0.3,0.055,3,0,184,11134
0.3,0.055,3,1,188,9410
0.3,0.055,3,2,181,10563
0.3,0.055,3,3,184,9114
0.3,0.055,3,4,188,10502
0.3,0.055,4,0,182,10792
0.3,0.055,4,1,180,8921
0.3,0.055,4,2,189,9779
0.3,0.055,4,3,185,11597
0.3,0.055,4,4,177,8819
0.3,0.055,5,0,181,8126
0.3,0.055,5,1,180,8323
0.3,0.055,5,2,181,9787
0.3,0.055,5,3,183,9546
0.3,0.055,5,4,177,10168
0.3,0.06,1,0,174,9944
0.3,0.06,1,1,184,11141
0.3,0.06,1,2,180,10522
0.3,0.06,1,3,180,9681
0.3,0.06,1,4,164,8795
0.3,0.06,2,0,185,9674
0.3,0.06,2,1,183,9587
0.3,0.06,2,2,177,8166
0.3,0.06,2,3,182,9057
0.3,0.06,2,4,174,7730
0.3,0.06,3,0,188,7874
0.3,0.06,3,1,184,8539
0.3,0.06,3,2,177,9244
0.3,0.06,3,3,179,7879
0.3,0.06,3,4,184,11393
0.3,0.06,4,0,176,10243
0.3,0.06,4,1,178,8568
0.3,0.06,4,2,186,8861
0.3,0.06,4,3,183,9201
0.3,0.06,4,4,183,9599
0.3,0.06,5,0,183,8414
0.3,0.06,5,1,184,9202
0.3,0.06,5,2,172,7811
0.3,0.06,5,3,181,9087
0.3,0.06,5,4,183,7878
0.35,0.01,1,0,195,45890
0.35,0.01,1,1,194,52707
0.35,0.01,1,2,197,59915
0.35,0.01,1,3,197,45860
0.35,0.01,1,4,199,54753
0.35,0.01,2,0,197,56697
0.35,0.01,2,1,195,42863
0.35,0.01,2,2,197,48066
0.35,0.01,2,3,199,47295
0.35,0.01,2,4,200,48650
0.35,0.01,3,0,198,43055
0.35,0.01,3,1,196,49564
0.35,0.01,3,2,188,45024
0.35,0.01,3,3,192,49675
0.35,0.01,3,4,199,46101
0.35,0.01,4,0,196,55265
0.35,0.01,4,1,199,49558
0.35,0.01,4,2,195,48751
0.35,0.01,4,3,198,54631
0.35,0.01,4,4,192,47294
0.35,0.01,5,0,197,56464
0.35,0.01,5,1,196,51375
0.35,0.01,5,2,197,52586
0.35,0.01,5,3,193,48201
0.35,0.01,5,4,194,53188
0.35,0.015,1,0,194,41425
0.35,0.015,1,1,194,32931
0.35,0.015,1,2,197,31720
0.35,0.015,1,3,191,34306
0.35,0.015,1,4,192,30139
0.35,0.015,2,0,193,30612
0.35,0.015,2,1,198,31163
0.35,0.015,2,2,196,35252
0.35,0.015,2,3,194,30579
0.35,0.015,2,4,193,37417
0.35,0.015,3,0,197,38826
0.35,0.015,3,1,194,38223
0.35,0.015,3,2,195,35390
0.35,0.015,3,3,191,31470
0.35,0.015,3,4,197,35018
0.35,0.015,4,0,195,34898
0.35,0.015,4,1,193,39088
0.35,0.015,4,2,196,38832
0.35,0.015,4,3,194,32325
0.35,0.015,4,4,196,31021
0.35,0.015,5,0,199,31029
0.35,0.015,5,1,191,27128
0.35,0.015,5,2,197,28930
0.35,0.015,5,3,196,33904
0.35,0.015,5,4,197,33807
0.35,0.02,1,0,197,27588
0.35,0.02,1,1,197,25761
0.35,0.02,1,2,193,26560
0.35,0.02,1,3,198,26277
0.35,0.02,1,4,197,25853
0.35,0.02,2,0,194,24026
0.35,0.02,2,1,194,24924
0.35,0.02,2,2,189,29161
0.35,0.02,2,3,190,27155
0.35,0.02,2,4,191,22898
0.35,0.02,3,0,193,26491
0.35,0.02,3,1,194,24327
0.35,0.02,3,2,191,21926
0.35,0.02,3,3,181,21466
0.35,0.02,3,4,195,23398
0.35,0.02,4,0,190,25371
0.35,0.02,4,1,190,24078
0.35,0.02,4,2,193,24776
0.35,0.02,4,3,191,23184
0.35,0.02,4,4,191,22738
0.35,0.02,5,0,188,25644
0.35,0.02,5,1,192,24419
0.35,0.02,5,2,188,21820
0.35,0.02,5,3,193,27045
0.35,0.02,5,4,194,23001
0.35,0.025,1,0,191,24254
0.35,0.025,1,1,186,21033
0.35,0.025,1,2,188,20616
0.35,0.025,1,3,193,20345
0.35,0.025,1,4,187,19994
0.35,0.025,2,0,194,19919
0.35,0.025,2,1,191,21291
0.35,0.025,2,2,191,19283
0.35,0.025,2,3,191,22289
0.35,0.025,2,4,192,20794
0.35,0.025,3,0,193,19973
0.35,0.025,3,1,188,15989
0.35,0.025,3,2,192,19562
0.35,0.025,3,3,191,19388
0.35,0.025,3,4,190,20695
0.35,0.025,4,0,191,20405
0.35,0.025,4,1,189,20410
0.35,0.025,4,2,184,21122
0.35,0.025,4,3,194,20394
0.35,0.025,4,4,189,17996
0.35,0.025,5,0,188,18415
0.35,0.025,5,1,196,17295
0.35,0.025,5,2,185,16931
0.35,0.025,5,3,190,20182
0.35,0.025,5,4,188,20347
0.35,0.03,1,0,186,16776
0.35,0.03,1,1,191,17185
0.35,0.03,1,2,191,15456
0.35,0.03,1,3,189,18714
0.35,0.03,1,4,193,17040
0.35,0.03,2,0,192,17367
0.35,0.03,2,1,179,14679
0.35,0.03,2,2,186,15629
0.35,0.03,2,3,187,17628
0.35,0.03,2,4,184,16320
0.35,0.03,3,0,188,14910
0.35,0.03,3,1,186,15338
0.35,0.03,3,2,190,16200
0.35,0.03,3,3,177,17057
0.35,0.03,3,4,189,14678
0.35,0.03,4,0,188,16910
0.35,0.03,4,1,193,13178
0.35,0.03,4,2,192,16922
0.35,0.03,4,3,182,13011
0.35,0.03,4,4,191,15186
0.35,0.03,5,0,183,17440
0.35,0.03,5,1,192,18090
0.35,0.03,5,2,191,17160
0.35,0.03,5,3,190,15743
0.35,0.03,5,4,189,13871
0.35,0.035,1,0,192,15589
0.35,0.035,1,1,193,13573
0.35,0.035,1,2,188,15678
0.35,0.035,1,3,187,12909
0.35,0.035,1,4,185,13661
0.35,0.035,2,0,182,13093
0.35,0.035,2,1,183,12065
0.35,0.035,2,2,183,13431
0.35,0.035,2,3,184,12063
0.35,0.035,2,4,190,13866
0.35,0.035,3,0,185,14935
0.35,0.035,3,1,179,13486
0.35,0.035,3,2,190,13731
0.35,0.035,3,3,180,14162
0.35,0.035,3,4,187,13939
0.35,0.035,4,0,187,12806
0.35,0.035,4,1,190,13395
0.35,0.035,4,2,186,13020
0.35,0.035,4,3,190,13242
0.35,0.035,4,4,173,11170
0.35,0.035,5,0,186,11496
0.35,0.035,5,1,182,14188
0.35,0.035,5,2,188,14099
0.35,0.035,5,3,184,13293
0.35,0.035,5,4,188,15879
0.35,0.04,1,0,190,14876
0.35,0.04,1,1,188,14409
0.35,0.04,1,2,191,13160
0.35,0.04,1,3,187,11832
0.35,0.04,1,4,189,11107
0.35,0.04,2,0,187,15409
0.35,0.04,2,1,183,11253
0.35,0.04,2,2,182,11970
0.35,0.04,2,3,181,10546
0.35,0.04,2,4,185,12613
0.35,0.04,3,0,185,11674
0.35,0.04,3,1,191,10341
0.35,0.04,3,2,189,12671
0.35,0.04,3,3,186,12977
0.35,0.04,3,4,182,13247
0.35,0.04,4,0,191,11653
0.35,0.04,4,1,180,10783
0.35,0.04,4,2,176,10482
0.35,0.04,4,3,187,14510
0.35,0.04,4,4,187,10698
0.35,0.04,5,0,175,10534
0.35,0.04,5,1,181,11191
0.35,0.04,5,2,187,12978
0.35,0.04,5,3,184,11727
0.35,0.04,5,4,187,14116
0.35,0.045,1,0,188,10831
0.35,0.045,1,1,179,10304
0.35,0.045,1,2,186,12890
0.35,0.045,1,3,183,11930
0.35,0.045,1,4,179,11790
0.35,0.045,2,0,195,13128
0.35,0.045,2,1,179,10578
0.35,0.045,2,2,187,9635
0.35,0.045,2,3,187,10840
0.35,0.045,2,4,179,10307
0.35,0.045,3,0,176,11180
0.35,0.045,3,1,182,11968
0.35,0.045,3,2,179,10491
0.35,0.045,3,3,181,11146
0.35,0.045,3,4,186,11535
0.35,0.045,4,0,184,9452
0.35,0.045,4,1,186,8509
0.35,0.045,4,2,185,10485
0.35,0.045,4,3,188,11663
0.35,0.045,4,4,187,9735
0.35,0.045,5,0,185,9353
0.35,0.045,5,1,183,10259
0.35,0.045,5,2,187,10858
0.35,0.045,5,3,187,9659
0.35,0.045,5,4,189,9687
0.35,0.05,1,0,189,11149
0.35,0.05,1,1,190,11170
0.35,0.05,1,2,184,9930
0.35,0.05,1,3,174,8403
0.35,0.05,1,4,196,9941
0.35,0.05,2,0,185,10446
0.35,0.05,2,1,183,9280
0.35,0.05,2,2,184,10800
0.35,0.05,2,3,185,10752
0.35,0.05,2,4,183,9459
0.35,0.05,3,0,181,10285
0.35,0.05,3,1,183,9961
0.35,0.05,3,2,176,8781
0.35,0.05,3,3,177,10219
0.35,0.05,3,4,181,8459
0.35,0.05,4,0,191,10997
0.35,0.05,4,1,190,10457
0.35,0.05,4,2,187,10544
0.35,0.05,4,3,180,8359
0.35,0.05,4,4,175,9073
0.35,0.05,5,0,181,8317
0.35,0.05,5,1,185,9114
0.35,0.05,5,2,185,10072
0.35,0.05,5,3,185,10121
0.35,0.05,5,4,178,9086
0.35,0.055,1,0,188,9315
0.35,0.055,1,1,172,7889
0.35,0.055,1,2,182,9096
0.35,0.055,1,3,181,9402
0.35,0.055,1,4,178,8674
0.35,0.055,2,0,185,9198
0.35,0.055,2,1,169,8537
0.35,0.055,2,2,183,7706
0.35,0.055,2,3,169,6999
0.35,0.055,2,4,187,9979
0.35,0.055,3,0,182,8751
0.35,0.055,3,1,187,8640
0.35,0.055,3,2,186,8976
0.35,0.055,3,3,171,7057
0.35,0.055,3,4,176,8361
0.35,0.055,4,0,176,8269
0.35,0.055,4,1,186,9547
0.35,0.055,4,2,182,9141
0.35,0.055,4,3,175,7983
0.35,0.055,4,4,175,8311
0.35,0.055,5,0,172,8086
0.35,0.055,5,1,178,8709
0.35,0.055,5,2,176,8174
0.35,0.055,5,3,181,9749
0.35,0.055,5,4,173,7936
0.35,0.06,1,0,181,9951
0.35,0.06,1,1,182,7834
0.35,0.06,1,2,166,8496
0.35,0.06,1,3,177,8034
0.35,0.06,1,4,185,7659
0.35,0.06,2,0,175,7319
0.35,0.06,2,1,182,7558
0.35,0.06,2,2,186,9272
0.35,0.06,2,3,183,7837
0.35,0.06,2,4,183,8155
0.35,0.06,3,0,171,7291
0.35,0.06,3,1,186,6830
0.35,0.06,3,2,165,6119
0.35,0.06,3,3,173,7037
0.35,0.06,3,4,190,8389
0.35,0.06,4,0,181,9220
0.35,0.06,4,1,179,7846
0.35,0.06,4,2,180,6580
0.35,0.06,4,3,184,7180
0.35,0.06,4,4,176,6830
0.35,0.06,5,0,172,6747
0.35,0.06,5,1,169,6357
0.35,0.06,5,2,179,7451
0.35,0.06,5,3,178,6591
0.35,0.06,5,4,175,8440
0.4,0.01,1,0,194,42935
0.4,0.01,1,1,192,45915
0.4,0.01,1,2,197,42944
0.4,0.01,1,3,194,43847
0.4,0.01,1,4,194,50865
0.4,0.01,2,0,195,46588
0.4,0.01,2,1,191,48078
0.4,0.01,2,2,195,42818
0.4,0.01,2,3,195,45909
0.4,0.01,2,4,196,37370
0.4,0.01,3,0,191,52410
0.4,0.01,3,1,197,39532
0.4,0.01,3,2,196,37162
0.4,0.01,3,3,194,43840
0.4,0.01,3,4,192,44844
0.4,0.01,4,0,198,51180
0.4,0.01,4,1,199,42194
0.4,0.01,4,2,197,48298
0.4,0.01,4,3,195,41889
0.4,0.01,4,4,198,39018
0.4,0.01,5,0,196,38305
0.4,0.01,5,1,196,44706
0.4,0.01,5,2,197,50008
0.4,0.01,5,3,195,47419
0.4,0.01,5,4,198,43176
0.4,0.015,1,0,192,27727
0.4,0.015,1,1,195,32030
0.4,0.015,1,2,198,32949
0.4,0.015,1,3,196,30941
0.4,0.015,1,4,191,29793
0.4,0.015,2,0,194,31924
0.4,0.015,2,1,195,36246
0.4,0.015,2,2,192,26566
0.4,0.015,2,3,196,34940
0.4,0.015,2,4,195,24675
0.4,0.015,3,0,196,28481
0.4,0.015,3,1,190,24573
0.4,0.015,3,2,197,26376
0.4,0.015,3,3,194,27521
0.4,0.015,3,4,193,30097
0.4,0.015,4,0,194,28394
0.4,0.015,4,1,197,34894
0.4,0.015,4,2,189,29948
0.4,0.015,4,3,190,26651
0.4,0.015,4,4,185,24349
0.4,0.015,5,0,194,31209
0.4,0.015,5,1,195,33005
0.4,0.015,5,2,189,25074
0.4,0.015,5,3,187,30932
0.4,0.015,5,4,191,25856
0.4,0.02,1,0,188,24184
0.4,0.02,1,1,189,24033
0.4,0.02,1,2,190,22150
0.4,0.02,1,3,192,26002
0.4,0.02,1,4,196,20782
0.4,0.02,2,0,193,24729
0.4,0.02,2,1,196,24158
0.4,0.02,2,2,189,19655
0.4,0.02,2,3,193,23718
0.4,0.02,2,4,191,21326
0.4,0.02,3,0,193,23782
0.4,0.02,3,1,195,20946
0.4,0.02,3,2,188,17666
0.4,0.02,3,3,188,17328
0.4,0.02,3,4,189,21890
0.4,0.02,4,0,189,19996
0.4,0.02,4,1,190,19155
0.4,0.02,4,2,188,20825
0.4,0.02,4,3,190,22468
0.4,0.02,4,4,190,17832
0.4,0.02,5,0,196,25332
0.4,0.02,5,1,195,23654
0.4,0.02,5,2,189,22140
0.4,0.02,5,3,194,19912
0.4,0.02,5,4,192,22710
0.4,0.025,1,0,193,15613
0.4,0.025,1,1,187,17088
0.4,0.025,1,2,189,17500
0.4,0.025,1,3,190,19819
0.4,0.025,1,4,191,15676
0.4,0.025,2,0,191,19488
0.4,0.025,2,1,190,17949
0.4,0.025,2,2,188,17835
0.4,0.025,2,3,188,14825
0.4,0.025,2,4,180,15470
0.4,0.025,3,0,193,16171
0.4,0.025,3,1,189,16380
0.4,0.025,3,2,187,16435
0.4,0.025,3,3,192,20065
0.4,0.025,3,4,193,16843
0.4,0.025,4,0,194,18744
0.4,0.025,4,1,185,14900
0.4,0.025,4,2,194,15127
0.4,0.025,4,3,194,18061
0.4,0.025,4,4,189,14526
0.4,0.025,5,0,187,18590
0.4,0.025,5,1,194,16517
0.4,0.025,5,2,189,16341
0.4,0.025,5,3,190,15154
0.4,0.025,5,4,193,14880
0.4,0.03,1,0,188,16344
0.4,0.03,1,1,185,14464
0.4,0.03,1,2,185,13816
0.4,0.03,1,3,189,15102
0.4,0.03,1,4,191,14634
0.4,0.03,2,0,191,16449
0.4,0.03,2,1,187,15411
0.4,0.03,2,2,187,15515
0.4,0.03,2,3,190,14904
0.4,0.03,2,4,181,12814
0.4,0.03,3,0,189,17654
0.4,0.03,3,1,193,14666
0.4,0.03,3,2,187,17557
0.4,0.03,3,3,188,15743
0.4,0.03,3,4,184,14877
0.4,0.03,4,0,186,13484
0.4,0.03,4,1,189,16011
0.4,0.03,4,2,182,13392
0.4,0.03,4,3,192,13256
0.4,0.03,4,4,186,16015
0.4,0.03,5,0,181,14149
0.4,0.03,5,1,188,13674
0.4,0.03,5,2,191,14008
0.4,0.03,5,3,182,13307
0.4,0.03,5,4,180,14288
0.4,0.035,1,0,184,12194
0.4,0.035,1,1,183,13333
0.4,0.035,1,2,180,12666
0.4,0.035,1,3,189,11623
0.4,0.035,1,4,194,10745
0.4,0.035,2,0,192,12582
0.4,0.035,2,1,193,13102
0.4,0.035,2,2,190,10790
0.4,0.035,2,3,187,11013
0.4,0.035,2,4,189,13588
0.4,0.035,3,0,190,12520
0.4,0.035,3,1,185,11640
0.4,0.035,3,2,191,12883
0.4,0.035,3,3,184,11357
0.4,0.035,3,4,186,13614
0.4,0.035,4,0,183,11758
0.4,0.035,4,1,193,13445
0.4,0.035,4,2,191,13010
0.4,0.035,4,3,187,10837
0.4,0.035,4,4,197,15152
0.4,0.035,5,0,186,12239
0.4,0.035,5,1,184,10710
0.4,0.035,5,2,183,10970
0.4,0.035,5,3,182,10369
0.4,0.035,5,4,192,12683
0.4,0.04,1,0,189,12212
0.4,0.04,1,1,181,11001
0.4,0.04,1,2,182,10790
0.4,0.04,1,3,186,11709
0.4,0.04,1,4,190,11924
0.4,0.04,2,0,184,12581
0.4,0.04,2,1,191,11410
0.4,0.04,2,2,190,9931
0.4,0.04,2,3,187,10082
0.4,0.04,2,4,195,10852
0.4,0.04,3,0,178,11210
0.4,0.04,3,1,186,10328
0.4,0.04,3,2,192,12446
0.4,0.04,3,3,187,9926
0.4,0.04,3,4,190,9481
0.4,0.04,4,0,179,11514
0.4,0.04,4,1,182,10488
0.4,0.04,4,2,191,10811
0.4,0.04,4,3,183,8866
0.4,0.04,4,4,184,11644
0.4,0.04,5,0,188,9764
0.4,0.04,5,1,186,11685
0.4,0.04,5,2,195,11990
0.4,0.04,5,3,186,10687
0.4,0.04,5,4,181,12222
0.4,0.045,1,0,178,10178
0.4,0.045,1,1,184,9972
0.4,0.045,1,2,190,9643
0.4,0.045,1,3,185,9147
0.4,0.045,1,4,183,9991
0.4,0.045,2,0,185,10239
0.4,0.045,2,1,180,9885
0.4,0.045,2,2,172,8934
0.4,0.045,2,3,178,11369
0.4,0.045,2,4,184,9845
0.4,0.045,3,0,182,9444
0.4,0.045,3,1,186,10587
0.4,0.045,3,2,184,9411
0.4,0.045,3,3,177,9031
0.4,0.045,3,4,187,8680
0.4,0.045,4,0,187,9276
0.4,0.045,4,1,176,8046
0.4,0.045,4,2,192,9923
0.4,0.045,4,3,177,9469
0.4,0.045,4,4,180,7892
0.4,0.045,5,0,186,9491
0.4,0.045,5,1,166,8782
0.4,0.045,5,2,180,8870
0.4,0.045,5,3,171,8743
0.4,0.045,5,4,189,8838
0.4,0.05,1,0,183,9055
0.4,0.05,1,1,177,7502
0.4,0.05,1,2,185,8728
0.4,0.05,1,3,179,8529
0.4,0.05,1,4,189,9562
0.4,0.05,2,0,174,8165
0.4,0.05,2,1,174,10459
0.4,0.05,2,2,181,8769
0.4,0.05,2,3,186,9886
0.4,0.05,2,4,178,8100
0.4,0.05,3,0,183,8488
0.4,0.05,3,1,184,9373
0.4,0.05,3,2,182,8273
0.4,0.05,3,3,189,9048
0.4,0.05,3,4,177,8200
0.4,0.05,4,0,183,8697
0.4,0.05,4,1,183,7820
0.4,0.05,4,2,187,9171
0.4,0.05,4,3,179,7750
0.4,0.05,4,4,175,8209
0.4,0.05,5,0,187,8050
0.4,0.05,5,1,184,8711
0.4,0.05,5,2,183,9227
0.4,0.05,5,3,186,8359
0.4,0.05,5,4,179,7647
0.4,0.055,1,0,171,8590
0.4,0.055,1,1,193,10758
0.4,0.055,1,2,183,6458
0.4,0.055,1,3,179,7124
0.4,0.055,1,4,184,8444
0.4,0.055,2,0,169,7143
0.4,0.055,2,1,187,8088
0.4,0.055,2,2,175,7981
0.4,0.055,2,3,182,8151
0.4,0.055,2,4,180,8155
0.4,0.055,3,0,182,7514
0.4,0.055,3,1,174,7466
0.4,0.055,3,2,179,7796
0.4,0.055,3,3,175,6547
0.4,0.055,3,4,191,7531
0.4,0.055,4,0,180,6441
0.4,0.055,4,1,175,6936
0.4,0.055,4,2,189,7679
0.4,0.055,4,3,177,6920
0.4,0.055,4,4,178,6671
0.4,0.055,5,0,180,8601
0.4,0.055,5,1,181,6802
0.4,0.055,5,2,167,6691
0.4,0.055,5,3,188,9140
0.4,0.055,5,4,174,8050
0.4,0.06,1,0,182,7815
0.4,0.06,1,1,177,7018
0.4,0.06,1,2,174,7133
0.4,0.06,1,3,182,7647
0.4,0.06,1,4,174,6145
0.4,0.06,2,0,185,8173
0.4,0.06,2,1,176,7528
0.4,0.06,2,2,173,6348
0.4,0.06,2,3,183,7819
0.4,0.06,2,4,164,6220
0.4,0.06,3,0,176,6107
0.4,0.06,3,1,181,7388
0.4,0.06,3,2,182,7534
0.4,0.06,3,3,184,7909
0.4,0.06,3,4,176,6872
0.4,0.06,4,0,188,8009
0.4,0.06,4,1,183,8052
0.4,0.06,4,2,185,7575
0.4,0.06,4,3,179,7535
0.4,0.06,4,4,188,7186
0.4,0.06,5,0,183,7062
0.4,0.06,5,1,182,6798
0.4,0.06,5,2,179,6117
0.4,0.06,5,3,175,7134
0.4,0.06,5,4,186,7280
0.45,0.01,1,0,197,36016
0.45,0.01,1,1,198,44660
0.45,0.01,1,2,196,39658
0.45,0.01,1,3,198,43718
0.45,0.01,1,4,194,42527
0.45,0.01,2,0,193,50308
0.45,0.01,2,1,196,43779
0.45,0.01,2,2,197,45123
0.45,0.01,2,3,195,40677
0.45,0.01,2,4,195,38982
0.45,0.01,3,0,194,40282
0.45,0.01,3,1,194,45500
0.45,0.01,3,2,194,36870
0.45,0.01,3,3,193,38090
0.45,0.01,3,4,196,41754
0.45,0.01,4,0,195,37968
0.45,0.01,4,1,197,38223
0.45,0.01,4,2,193,44205
0.45,0.01,4,3,194,33614
0.45,0.01,4,4,195,38846
0.45,0.01,5,0,197,38202
0.45,0.01,5,1,197,43859
0.45,0.01,5,2,192,33883
0.45,0.01,5,3,194,37628
0.45,0.01,5,4,191,36923
0.45,0.015,1,0,197,27456
0.45,0.015,1,1,193,28429
0.45,0.015,1,2,194,31742
0.45,0.015,1,3,188,30675
0.45,0.015,1,4,193,24468
0.45,0.015,2,0,193,25668
0.45,0.015,2,1,191,25302
0.45,0.015,2,2,195,31439
0.45,0.015,2,3,193,26795
0.45,0.015,2,4,191,24351
0.45,0.015,3,0,192,25905
0.45,0.015,3,1,192,26609
0.45,0.015,3,2,189,27555
0.45,0.015,3,3,197,28224
0.45,0.015,3,4,194,23784
0.45,0.015,4,0,191,30239
0.45,0.015,4,1,195,30358
0.45,0.015,4,2,194,24531
0.45,0.015,4,3,195,26621
0.45,0.015,4,4,196,25649
0.45,0.015,5,0,185,25806
0.45,0.015,5,1,194,25300
0.45,0.015,5,2,192,25929
0.45,0.015,5,3,194,25487
0.45,0.015,5,4,186,25014
0.45,0.02,1,0,194,21574
0.45,0.02,1,1,197,18965
0.45,0.02,1,2,189,19829
0.45,0.02,1,3,190,19875
0.45,0.02,1,4,195,23871
0.45,0.02,2,0,186,19903
0.45,0.02,2,1,193,21014
0.45,0.02,2,2,190,19851
0.45,0.02,2,3,191,21985
0.45,0.02,2,4,192,19190
0.45,0.02,3,0,188,18301
0.45,0.02,3,1,194,20309
0.45,0.02,3,2,189,16570
0.45,0.02,3,3,190,18568
0.45,0.02,3,4,196,21291
0.45,0.02,4,0,192,22320
0.45,0.02,4,1,192,22276
0.45,0.02,4,2,193,19081
0.45,0.02,4,3,191,19885
0.45,0.02,4,4,187,16967
0.45,0.02,5,0,193,20496
0.45,0.02,5,1,189,20207
0.45,0.02,5,2,190,19423
0.45,0.02,5,3,187,16913
0.45,0.02,5,4,194,17177
0.45,0.025,1,0,190,17734
0.45,0.025,1,1,180,13650
0.45,0.025,1,2,180,13760
0.45,0.025,1,3,189,16404
0.45,0.025,1,4,178,15156
0.45,0.025,2,0,184,18174
0.45,0.025,2,1,196,17502
0.45,0.025,2,2,186,14005
0.45,0.025,2,3,188,15419
0.45,0.025,2,4,195,16078
0.45,0.025,3,0,189,15729
0.45,0.025,3,1,194,15561
0.45,0.025,3,2,189,15193
0.45,0.025,3,3,183,13781
0.45,0.025,3,4,190,14354
0.45,0.025,4,0,194,16744
0.45,0.025,4,1,187,16019
0.45,0.025,4,2,191,16573
0.45,0.025,4,3,196,16006
0.45,0.025,4,4,187,17888
0.45,0.025,5,0,193,15230
0.45,0.025,5,1,192,14713
0.45,0.025,5,2,185,10539
0.45,0.025,5,3,193,16059
0.45,0.025,5,4,185,13901
0.45,0.03,1,0,188,12909
0.45,0.03,1,1,183,12353
0.45,0.03,1,2,189,14790
0.45,0.03,1,3,189,15137
0.45,0.03,1,4,181,12740
0.45,0.03,2,0,189,16221
0.45,0.03,2,1,191,15375
0.45,0.03,2,2,189,11269
0.45,0.03,2,3,188,14462
0.45,0.03,2,4,191,13462
0.45,0.03,3,0,185,15800
0.45,0.03,3,1,189,11505
0.45,0.03,3,2,188,13676
0.45,0.03,3,3,193,12351
0.45,0.03,3,4,185,12610
0.45,0.03,4,0,191,13411
0.45,0.03,4,1,185,14951
0.45,0.03,4,2,187,12625
0.45,0.03,4,3,184,11858
0.45,0.03,4,4,189,12326
0.45,0.03,5,0,187,12996
0.45,0.03,5,1,188,11550
0.45,0.03,5,2,182,13538
0.45,0.03,5,3,189,13964
0.45,0.03,5,4,179,11392
0.45,0.035,1,0,193,11253
0.45,0.035,1,1,189,12638
0.45,0.035,1,2,184,10330
0.45,0.035,1,3,189,12001
0.45,0.035,1,4,191,10542
0.45,0.035,2,0,187,12819
0.45,0.035,2,1,180,12359
0.45,0.035,2,2,185,12638
0.45,0.035,2,3,185,9879
0.45,0.035,2,4,183,9963
0.45,0.035,3,0,183,12480
0.45,0.035,3,1,185,9311
0.45,0.035,3,2,183,11725
0.45,0.035,3,3,182,10730
0.45,0.035,3,4,185,10546
0.45,0.035,4,0,188,11318
0.45,0.035,4,1,193,10550
0.45,0.035,4,2,193,12351
0.45,0.035,4,3,189,12649
0.45,0.035,4,4,184,11313
0.45,0.035,5,0,182,11259
0.45,0.035,5,1,185,11040
0.45,0.035,5,2,192,9823
0.45,0.035,5,3,191,10319
0.45,0.035,5,4,190,11806
0.45,0.04,1,0,193,12037
0.45,0.04,1,1,185,9819
0.45,0.04,1,2,191,9404
0.45,0.04,1,3,182,10126
0.45,0.04,1,4,170,9849
0.45,0.04,2,0,175,9160
0.45,0.04,2,1,193,11519
0.45,0.04,2,2,186,11022
0.45,0.04,2,3,185,10437
0.45,0.04,2,4,185,10649
0.45,0.04,3,0,176,10146
0.45,0.04,3,1,185,10725
0.45,0.04,3,2,182,9211
0.45,0.04,3,3,179,10338
0.45,0.04,3,4,180,10495
0.45,0.04,4,0,188,8292
0.45,0.04,4,1,188,9123
0.45,0.04,4,2,185,9811
0.45,0.04,4,3,185,8842
0.45,0.04,4,4,182,8985
0.45,0.04,5,0,183,8748
0.45,0.04,5,1,181,8834
0.45,0.04,5,2,184,9584
0.45,0.04,5,3,191,11576
0.45,0.04,5,4,176,9874
0.45,0.045,1,0,193,9572
0.45,0.045,1,1,181,9034
0.45,0.045,1,2,183,7667
0.45,0.045,1,3,175,8841
0.45,0.045,1,4,187,8654
0.45,0.045,2,0,186,9585
0.45,0.045,2,1,184,8934
0.45,0.045,2,2,188,7545
0.45,0.045,2,3,193,10029
0.45,0.045,2,4,189,8808
0.45,0.045,3,0,179,7435
0.45,0.045,3,1,184,8451
0.45,0.045,3,2,182,8099
0.45,0.045,3,3,184,8563
0.45,0.045,3,4,185,9026
0.45,0.045,4,0,184,8222
0.45,0.045,4,1,179,8306
0.45,0.045,4,2,179,7261
0.45,0.045,4,3,187,9546
0.45,0.045,4,4,173,7563
0.45,0.045,5,0,179,8509
0.45,0.045,5,1,177,8913
0.45,0.045,5,2,185,9343
0.45,0.045,5,3,186,9716
0.45,0.045,5,4,181,8511
0.45,0.05,1,0,189,8000
0.45,0.05,1,1,187,8517
0.45,0.05,1,2,189,8496
0.45,0.05,1,3,185,7161
0.45,0.05,1,4,184,7913
0.45,0.05,2,0,177,7959
0.45,0.05,2,1,171,7857
0.45,0.05,2,2,182,8323
0.45,0.05,2,3,178,8071
0.45,0.05,2,4,181,7325
0.45,0.05,3,0,182,7339
0.45,0.05,3,1,176,7560
0.45,0.05,3,2,183,8499
0.45,0.05,3,3,175,7957
0.45,0.05,3,4,187,8276
0.45,0.05,4,0,184,7610
0.45,0.05,4,1,188,7757
0.45,0.05,4,2,177,7601
0.45,0.05,4,3,185,7425
0.45,0.05,4,4,175,6999
0.45,0.05,5,0,190,8462
0.45,0.05,5,1,181,7455
0.45,0.05,5,2,188,8261
0.45,0.05,5,3,186,8098
0.45,0.05,5,4,188,8501
0.45,0.055,1,0,177,7656
0.45,0.055,1,1,187,6356
0.45,0.055,1,2,180,7845
0.45,0.055,1,3,182,7463
0.45,0.055,1,4,170,6472
0.45,0.055,2,0,190,7791
0.45,0.055,2,1,185,6830
0.45,0.055,2,2,189,6957
0.45,0.055,2,3,175,7046
0.45,0.055,2,4,180,7820
0.45,0.055,3,0,178,7003
0.45,0.055,3,1,174,6671
0.45,0.055,3,2,174,8055
0.45,0.055,3,3,180,7351
0.45,0.055,3,4,168,6171
0.45,0.055,4,0,188,6849
0.45,0.055,4,1,173,7254
0.45,0.055,4,2,179,7700
0.45,0.055,4,3,186,6853
0.45,0.055,4,4,181,7618
0.45,0.055,5,0,168,5906
0.45,0.055,5,1,182,6965
0.45,0.055,5,2,178,7443
0.45,0.055,5,3,179,7322
0.45,0.055,5,4,174,6659
0.45,0.06,1,0,188,7010
0.45,0.06,1,1,179,6452
0.45,0.06,1,2,185,7024
0.45,0.06,1,3,181,6036
0.45,0.06,1,4,177,6516
0.45,0.06,2,0,179,6378
0.45,0.06,2,1,175,5695
0.45,0.06,2,2,180,6801
0.45,0.06,2,3,180,6284
0.45,0.06,2,4,175,5413
0.45,0.06,3,0,182,6023
0.45,0.06,3,1,179,7336
0.45,0.06,3,2,173,5350
0.45,0.06,3,3,172,4933
0.45,0.06,3,4,178,6479
0.45,0.06,4,0,181,6252
0.45,0.06,4,1,170,5119
0.45,0.06,4,2,184,7901
0.45,0.06,4,3,180,5735
0.45,0.06,4,4,180,6633
0.45,0.06,5,0,190,7150
0.45,0.06,5,1,181,6997
0.45,0.06,5,2,176,6193
0.45,0.06,5,3,187,6709
0.45,0.06,5,4,179,5816
0.5,0.01,1,0,195,34479
0.5,0.01,1,1,194,43032
0.5,0.01,1,2,195,36287
0.5,0.01,1,3,189,33600
0.5,0.01,1,4,194,31530
0.5,0.01,2,0,195,37121
0.5,0.01,2,1,196,48697
0.5,0.01,2,2,194,37260
0.5,0.01,2,3,197,40749
0.5,0.01,2,4,198,44791
0.5,0.01,3,0,193,39110
0.5,0.01,3,1,196,37796
0.5,0.01,3,2,190,40721
0.5,0.01,3,3,194,35802
0.5,0.01,3,4,193,39988
0.5,0.01,4,0,197,34992
0.5,0.01,4,1,197,34932
0.5,0.01,4,2,195,41163
0.5,0.01,4,3,197,36135
0.5,0.01,4,4,195,38843
0.5,0.01,5,0,194,35375
0.5,0.01,5,1,197,44085
0.5,0.01,5,2,194,36803
0.5,0.01,5,3,196,42174
0.5,0.01,5,4,195,33009
0.5,0.015,1,0,190,26380
0.5,0.015,1,1,191,24714
0.5,0.015,1,2,197,26304
0.5,0.015,1,3,188,24926
0.5,0.015,1,4,191,24376
0.5,0.015,2,0,195,25108
0.5,0.015,2,1,194,27054
0.5,0.015,2,2,189,22046
0.5,0.015,2,3,193,22684
0.5,0.015,2,4,195,23178
0.5,0.015,3,0,197,23556
0.5,0.015,3,1,190,22286
0.5,0.015,3,2,191,22305
0.5,0.015,3,3,194,28013
0.5,0.015,3,4,188,19146
0.5,0.015,4,0,195,27418
0.5,0.015,4,1,196,27736
0.5,0.015,4,2,192,24359
0.5,0.015,4,3,197,23450
0.5,0.015,4,4,183,22110
0.5,0.015,5,0,191,25654
0.5,0.015,5,1,190,23387
0.5,0.015,5,2,196,25995
0.5,0.015,5,3,189,23692
0.5,0.015,5,4,190,22030
0.5,0.02,1,0,192,20021
0.5,0.02,1,1,188,16406
0.5,0.02,1,2,193,21628
0.5,0.02,1,3,197,22021
0.5,0.02,1,4,189,15534
0.5,0.02,2,0,189,19097
0.5,0.02,2,1,195,20216
0.5,0.02,2,2,192,18038
0.5,0.02,2,3,189,19673
0.5,0.02,2,4,185,19927
0.5,0.02,3,0,189,18881
0.5,0.02,3,1,192,19474
0.5,0.02,3,2,189,15461
0.5,0.02,3,3,194,20001
0.5,0.02,3,4,192,17103
0.5,0.02,4,0,192,18344
0.5,0.02,4,1,191,20097
0.5,0.02,4,2,194,19481
0.5,0.02,4,3,193,20067
0.5,0.02,4,4,190,16868
0.5,0.02,5,0,195,18281
0.5,0.02,5,1,189,19371
0.5,0.02,5,2,187,18956
0.5,0.02,5,3,194,16553
0.5,0.02,5,4,189,16981
0.5,0.025,1,0,184,15778
0.5,0.025,1,1,193,15672
0.5,0.025,1,2,189,15015
0.5,0.025,1,3,194,14916
0.5,0.025,1,4,186,14451
0.5,0.025,2,0,196,15720
0.5,0.025,2,1,194,16874
0.5,0.025,2,2,193,17283
0.5,0.025,2,3,186,14653
0.5,0.025,2,4,188,16034
0.5,0.025,3,0,188,15899
0.5,0.025,3,1,184,13874
0.5,0.025,3,2,182,14024
0.5,0.025,3,3,187,13187
0.5,0.025,3,4,189,16295
0.5,0.025,4,0,186,15862
0.5,0.025,4,1,191,16192
0.5,0.025,4,2,192,15161
0.5,0.025,4,3,191,13524
0.5,0.025,4,4,189,15736
0.5,0.025,5,0,186,12925
0.5,0.025,5,1,188,13679
0.5,0.025,5,2,188,14591
0.5,0.025,5,3,193,14026
0.5,0.025,5,4,190,13536
0.5,0.03,1,0,180,11390
0.5,0.03,1,1,187,13428
0.5,0.03,1,2,191,12534
0.5,0.03,1,3,187,11942
0.5,0.03,1,4,189,13012
0.5,0.03,2,0,186,12944
0.5,0.03,2,1,191,14335
0.5,0.03,2,2,185,12667
0.5,0.03,2,3,183,10935
0.5,0.03,2,4,193,12656
0.5,0.03,3,0,192,12567
0.5,0.03,3,1,196,12267
0.5,0.03,3,2,185,10434
0.5,0.03,3,3,186,11931
0.5,0.03,3,4,186,11652
0.5,0.03,4,0,188,12868
0.5,0.03,4,1,186,11597
0.5,0.03,4,2,181,12810
0.5,0.03,4,3,188,12996
0.5,0.03,4,4,180,11223
0.5,0.03,5,0,190,11370
0.5,0.03,5,1,186,11067
0.5,0.03,5,2,190,11999
0.5,0.03,5,3,190,11600
0.5,0.03,5,4,190,10695
0.5,0.035,1,0,193,10665
0.5,0.035,1,1,183,11233
0.5,0.035,1,2,188,11484
0.5,0.035,1,3,190,10690
0.5,0.035,1,4,184,10304
0.5,0.035,2,0,185,9607
0.5,0.035,2,1,189,10036
0.5,0.035,2,2,183,9664
0.5,0.035,2,3,186,10138
0.5,0.035,2,4,188,9950
0.5,0.035,3,0,190,11562
0.5,0.035,3,1,184,10184
0.5,0.035,3,2,184,9777
0.5,0.035,3,3,187,11340
0.5,0.035,3,4,188,11603
0.5,0.035,4,0,185,9116
0.5,0.035,4,1,188,8917
0.5,0.035,4,2,179,10185
0.5,0.035,4,3,186,10588
0.5,0.035,4,4,184,8511
0.5,0.035,5,0,176,9924
0.5,0.035,5,1,186,10825
0.5,0.035,5,2,179,10378
0.5,0.035,5,3,187,10280
0.5,0.035,5,4,193,10112
0.5,0.04,1,0,186,9487
0.5,0.04,1,1,184,8684
0.5,0.04,1,2,179,9886
0.5,0.04,1,3,179,8094
0.5,0.04,1,4,174,9086
0.5,0.04,2,0,178,9717
0.5,0.04,2,1,188,9591
0.5,0.04,2,2,187,9977
0.5,0.04,2,3,186,9642
0.5,0.04,2,4,188,9529
0.5,0.04,3,0,182,9947
0.5,0.04,3,1,177,7323
0.5,0.04,3,2,195,9099
0.5,0.04,3,3,166,7328
0.5,0.04,3,4,180,9185
0.5,0.04,4,0,185,7933
0.5,0.04,4,1,177,8097
0.5,0.04,4,2,183,8792
0.5,0.04,4,3,184,9396
0.5,0.04,4,4,183,9364
0.5,0.04,5,0,186,7837
0.5,0.04,5,1,189,9986
0.5,0.04,5,2,180,9132
0.5,0.04,5,3,183,8833
0.5,0.04,5,4,187,9407
0.5,0.045,1,0,185,8724
0.5,0.045,1,1,185,9480
0.5,0.045,1,2,182,8125
0.5,0.045,1,3,185,8645
0.5,0.045,1,4,184,7500
0.5,0.045,2,0,176,8091
0.5,0.045,2,1,175,8732
0.5,0.045,2,2,181,7215
0.5,0.045,2,3,180,7711
0.5,0.045,2,4,173,7082
0.5,0.045,3,0,178,7959
0.5,0.045,3,1,183,7980
0.5,0.045,3,2,188,8258
0.5,0.045,3,3,182,7595
0.5,0.045,3,4,185,7699
0.5,0.045,4,0,184,7822
0.5,0.045,4,1,177,8108
0.5,0.045,4,2,183,7969
0.5,0.045,4,3,180,8402
0.5,0.045,4,4,187,9045
0.5,0.045,5,0,180,7340
0.5,0.045,5,1,183,7068
0.5,0.045,5,2,179,8024
0.5,0.045,5,3,187,7338
0.5,0.045,5,4,182,8901
0.5,0.05,1,0,173,6658
0.5,0.05,1,1,197,9136
0.5,0.05,1,2,182,7914
0.5,0.05,1,3,182,7720
0.5,0.05,1,4,172,6329
0.5,0.05,2,0,184,6925
0.5,0.05,2,1,179,7499
0.5,0.05,2,2,169,6612
0.5,0.05,2,3,179,7089
0.5,0.05,2,4,184,7808
0.5,0.05,3,0,191,6831
0.5,0.05,3,1,186,6550
0.5,0.05,3,2,181,6733
0.5,0.05,3,3,180,6215
0.5,0.05,3,4,186,6271
0.5,0.05,4,0,193,7390
0.5,0.05,4,1,185,7136
0.5,0.05,4,2,176,6728
0.5,0.05,4,3,165,6076
0.5,0.05,4,4,179,7546
0.5,0.05,5,0,182,6804
0.5,0.05,5,1,181,6714
0.5,0.05,5,2,172,6327
0.5,0.05,5,3,178,6404
0.5,0.05,5,4,182,7036
0.5,0.055,1,0,191,7306
0.5,0.055,1,1,181,6601
0.5,0.055,1,2,181,7853
0.5,0.055,1,3,186,6526
0.5,0.055,1,4,181,6615
0.5,0.055,2,0,178,6031
0.5,0.055,2,1,180,7277
0.5,0.055,2,2,183,6855
0.5,0.055,2,3,164,5699
0.5,0.055,2,4,183,7164
0.5,0.055,3,0,182,7435
0.5,0.055,3,1,183,6028
0.5,0.055,3,2,184,7810
0.5,0.055,3,3,165,6003
0.5,0.055,3,4,179,5906
0.5,0.055,4,0,182,6762
0.5,0.055,4,1,177,5480
0.5,0.055,4,2,181,5827
0.5,0.055,4,3,183,6366
0.5,0.055,4,4,177,5685
0.5,0.055,5,0,181,6000
0.5,0.055,5,1,170,5102
0.5,0.055,5,2,176,5979
0.5,0.055,5,3,185,7454
0.5,0.055,5,4,166,5408
0.5,0.06,1,0,169,5065
0.5,0.06,1,1,184,6168
0.5,0.06,1,2,186,6850
0.5,0.06,1,3,179,6075
0.5,0.06,1,4,181,6475
0.5,0.06,2,0,175,6020
0.5,0.06,2,1,186,6332
0.5,0.06,2,2,183,6471
0.5,0.06,2,3,184,6600
0.5,0.06,2,4,184,5599
0.5,0.06,3,0,174,5866
0.5,0.06,3,1,186,6218
0.5,0.06,3,2,181,6521
0.5,0.06,3,3,171,6141
0.5,0.06,3,4,175,5818
0.5,0.06,4,0,171,5323
0.5,0.06,4,1,174,6924
0.5,0.06,4,2,182,5311
0.5,0.06,4,3,179,6218
0.5,0.06,4,4,180,6222
0.5,0.06,5,0,180,5674
0.5,0.06,5,1,174,5627
0.5,0.06,5,2,166,5058
0.5,0.06,5,3,166,5053
0.5,0.06,5,4,183,5170
0.55,0.01,1,0,195,40106
0.55,0.01,1,1,197,43379
0.55,0.01,1,2,195,33412
0.55,0.01,1,3,197,39128
0.55,0.01,1,4,195,33337
0.55,0.01,2,0,195,34049
0.55,0.01,2,1,194,34391
0.55,0.01,2,2,198,35112
0.55,0.01,2,3,191,35000
0.55,0.01,2,4,197,39127
0.55,0.01,3,0,194,38796
0.55,0.01,3,1,196,36596
0.55,0.01,3,2,196,36094
0.55,0.01,3,3,193,33981
0.55,0.01,3,4,192,35937
0.55,0.01,4,0,194,32923
0.55,0.01,4,1,188,34008
0.55,0.01,4,2,194,34064
0.55,0.01,4,3,197,32876
0.55,0.01,4,4,192,33751
0.55,0.01,5,0,195,37902
0.55,0.01,5,1,189,34705
0.55,0.01,5,2,196,36183
0.55,0.01,5,3,196,33906
0.55,0.01,5,4,195,35901
0.55,0.015,1,0,193,23990
0.55,0.015,1,1,193,26020
0.55,0.015,1,2,191,21626
0.55,0.015,1,3,193,18892
0.55,0.015,1,4,189,22044
0.55,0.015,2,0,191,26064
0.55,0.015,2,1,194,23184
0.55,0.015,2,2,194,22655
0.55,0.015,2,3,195,21244
0.55,0.015,2,4,194,22466
0.55,0.015,3,0,199,24082
0.55,0.015,3,1,192,23469
0.55,0.015,3,2,193,24112
0.55,0.015,3,3,192,21479
0.55,0.015,3,4,196,21797
0.55,0.015,4,0,192,23174
0.55,0.015,4,1,193,23418
0.55,0.015,4,2,195,24441
0.55,0.015,4,3,194,22552
0.55,0.015,4,4,193,22446
0.55,0.015,5,0,198,22535
0.55,0.015,5,1,197,25991
0.55,0.015,5,2,195,19209
0.55,0.015,5,3,190,19756
0.55,0.015,5,4,190,22562
0.55,0.02,1,0,195,17587
0.55,0.02,1,1,192,19517
0.55,0.02,1,2,192,17849
0.55,0.02,1,3,192,16796
0.55,0.02,1,4,190,18815
0.55,0.02,2,0,189,17854
0.55,0.02,2,1,195,17323
0.55,0.02,2,2,193,15197
0.55,0.02,2,3,186,15532
0.55,0.02,2,4,194,16911
0.55,0.02,3,0,190,19060
0.55,0.02,3,1,194,16758
0.55,0.02,3,2,186,18310
0.55,0.02,3,3,192,18059
0.55,0.02,3,4,189,18645
0.55,0.02,4,0,192,17338
0.55,0.02,4,1,188,15917
0.55,0.02,4,2,190,15585
0.55,0.02,4,3,188,15061
0.55,0.02,4,4,192,17626
0.55,0.02,5,0,187,17704
0.55,0.02,5,1,187,15698
0.55,0.02,5,2,192,17341
0.55,0.02,5,3,188,18364
0.55,0.02,5,4,190,15125
0.55,0.025,1,0,192,13357
0.55,0.025,1,1,189,11140
0.55,0.025,1,2,189,13895
0.55,0.025,1,3,185,12959
0.55,0.025,1,4,189,14976
0.55,0.025,2,0,193,13770
0.55,0.025,2,1,192,12995
0.55,0.025,2,2,187,12583
0.55,0.025,2,3,191,15181
0.55,0.025,2,4,192,15061
0.55,0.025,3,0,184,15977
0.55,0.025,3,1,178,12814
0.55,0.025,3,2,188,12671
0.55,0.025,3,3,193,14589
0.55,0.025,3,4,186,11542
0.55,0.025,4,0,189,13904
0.55,0.025,4,1,194,14147
0.55,0.025,4,2,189,14424
0.55,0.025,4,3,191,14815
0.55,0.025,4,4,189,14674
0.55,0.025,5,0,194,14911
0.55,0.025,5,1,192,13287
0.55,0.025,5,2,186,13359
0.55,0.025,5,3,176,12453
0.55,0.025,5,4,194,14057
0.55,0.03,1,0,191,12655
0.55,0.03,1,1,194,12854
0.55,0.03,1,2,186,11512
0.55,0.03,1,3,189,13060
0.55,0.03,1,4,187,11805
0.55,0.03,2,0,186,11658
0.55,0.03,2,1,192,12670
0.55,0.03,2,2,187,10177
0.55,0.03,2,3,188,12090
0.55,0.03,2,4,191,11080
0.55,0.03,3,0,184,11251
0.55,0.03,3,1,188,11201
0.55,0.03,3,2,189,11488
0.55,0.03,3,3,180,11146
0.55,0.03,3,4,186,12253
0.55,0.03,4,0,185,11855
0.55,0.03,4,1,190,10689
0.55,0.03,4,2,187,12106
0.55,0.03,4,3,186,10784
0.55,0.03,4,4,179,9514
0.55,0.03,5,0,183,11607
0.55,0.03,5,1,181,12528
0.55,0.03,5,2,186,11639
0.55,0.03,5,3,188,13335
0.55,0.03,5,4,185,10733
0.55,0.035,1,0,183,10534
0.55,0.035,1,1,186,9254
0.55,0.035,1,2,188,11111
0.55,0.035,1,3,180,9330
0.55,0.035,1,4,186,8837
0.55,0.035,2,0,190,9429
0.55,0.035,2,1,181,9338
0.55,0.035,2,2,188,9532
0.55,0.035,2,3,185,9776
0.55,0.035,2,4,190,9046
0.55,0.035,3,0,190,10660
0.55,0.035,3,1,186,8981
0.55,0.035,3,2,190,9039
0.55,0.035,3,3,187,8312
0.55,0.035,3,4,187,9844
0.55,0.035,4,0,183,10662
0.55,0.035,4,1,190,10047
0.55,0.035,4,2,188,9468
0.55,0.035,4,3,187,10921
0.55,0.035,4,4,191,10222
0.55,0.035,5,0,183,8556
0.55,0.035,5,1,184,10111
0.55,0.035,5,2,183,9069
0.55,0.035,5,3,179,9305
0.55,0.035,5,4,188,9295
0.55,0.04,1,0,185,9915
0.55,0.04,1,1,181,8797
0.55,0.04,1,2,175,7974
0.55,0.04,1,3,184,7713
0.55,0.04,1,4,187,8000
0.55,0.04,2,0,182,8659
0.55,0.04,2,1,178,7666
0.55,0.04,2,2,180,9112
0.55,0.04,2,3,185,8953
0.55,0.04,2,4,183,8881
0.55,0.04,3,0,179,10643
0.55,0.04,3,1,171,7535
0.55,0.04,3,2,173,6343
0.55,0.04,3,3,180,7987
0.55,0.04,3,4,185,7496
0.55,0.04,4,0,189,10024
0.55,0.04,4,1,185,7850
0.55,0.04,4,2,188,8349
0.55,0.04,4,3,178,8849
0.55,0.04,4,4,181,8884
0.55,0.04,5,0,182,9159
0.55,0.04,5,1,190,9351
0.55,0.04,5,2,185,8202
0.55,0.04,5,3,184,7289
0.55,0.04,5,4,180,8960
0.55,0.045,1,0,192,7695
0.55,0.045,1,1,187,8704
0.55,0.045,1,2,178,7205
0.55,0.045,1,3,165,8022
0.55,0.045,1,4,189,8584
0.55,0.045,2,0,172,7879
0.55,0.045,2,1,187,8544
0.55,0.045,2,2,173,7936
0.55,0.045,2,3,183,7955
0.55,0.045,2,4,183,8303
0.55,0.045,3,0,182,7339
0.55,0.045,3,1,174,5328
0.55,0.045,3,2,184,6485
0.55,0.045,3,3,182,7173
0.55,0.045,3,4,187,7701
0.55,0.045,4,0,176,6655
0.55,0.045,4,1,169,7874
0.55,0.045,4,2,184,7807
0.55,0.045,4,3,183,8101
0.55,0.045,4,4,181,7132
0.55,0.045,5,0,174,8073
0.55,0.045,5,1,183,7351
0.55,0.045,5,2,186,7377
0.55,0.045,5,3,175,6932
0.55,0.045,5,4,183,7387
0.55,0.05,1,0,189,6424
0.55,0.05,1,1,181,6032
0.55,0.05,1,2,182,7706
0.55,0.05,1,3,187,7557
0.55,0.05,1,4,178,5939
0.55,0.05,2,0,183,6050
0.55,0.05,2,1,185,7946
0.55,0.05,2,2,181,6934
0.55,0.05,2,3,180,6414
0.55,0.05,2,4,173,5851
0.55,0.05,3,0,186,6730
0.55,0.05,3,1,178,7079
0.55,0.05,3,2,188,7185
0.55,0.05,3,3,178,6951
0.55,0.05,3,4,177,6226
0.55,0.05,4,0,177,6552
0.55,0.05,4,1,185,6390
0.55,0.05,4,2,185,6643
0.55,0.05,4,3,183,6877
0.55,0.05,4,4,187,7293
0.55,0.05,5,0,184,7358
0.55,0.05,5,1,188,7065
0.55,0.05,5,2,177,6525
0.55,0.05,5,3,170,5990
0.55,0.05,5,4,189,6956
0.55,0.055,1,0,174,5182
0.55,0.055,1,1,181,6390
0.55,0.055,1,2,183,6235
0.55,0.055,1,3,188,6481
0.55,0.055,1,4,178,7102
0.55,0.055,2,0,185,6354
0.55,0.055,2,1,186,6896
0.55,0.055,2,2,184,6381
0.55,0.055,2,3,177,5245
0.55,0.055,2,4,182,6171
0.55,0.055,3,0,186,6191
0.55,0.055,3,1,178,6385
0.55,0.055,3,2,169,6068
0.55,0.055,3,3,171,5418
0.55,0.055,3,4,181,6262
0.55,0.055,4,0,177,6570
0.55,0.055,4,1,178,6585
0.55,0.055,4,2,181,7440
0.55,0.055,4,3,180,6146
0.55,0.055,4,4,178,5579
0.55,0.055,5,0,175,5174
0.55,0.055,5,1,166,4956
0.55,0.055,5,2,177,5917
0.55,0.055,5,3,167,5856
0.55,0.055,5,4,172,5397
0.55,0.06,1,0,173,5321
0.55,0.06,1,1,174,5539
0.55,0.06,1,2,184,6800
0.55,0.06,1,3,168,5107
0.55,0.06,1,4,182,6021
0.55,0.06,2,0,182,6482
0.55,0.06,2,1,182,5653
0.55,0.06,2,2,189,5684
0.55,0.06,2,3,177,5917
0.55,0.06,2,4,178,5192
0.55,0.06,3,0,182,6170
0.55,0.06,3,1,182,5456
0.55,0.06,3,2,186,6319
0.55,0.06,3,3,187,5567
0.55,0.06,3,4,183,5703
0.55,0.06,4,0,179,5458
0.55,0.06,4,1,170,5206
0.55,0.06,4,2,168,5889
0.55,0.06,4,3,182,5393
0.55,0.06,4,4,170,4859
0.55,0.06,5,0,167,5442
0.55,0.06,5,1,174,5934
0.55,0.06,5,2,182,5279
0.55,0.06,5,3,182,4657
0.55,0.06,5,4,181,4575
0.6,0.01,1,0,195,33913
0.6,0.01,1,1,193,34211
0.6,0.01,1,2,193,31786
0.6,0.01,1,3,193,34149
0.6,0.01,1,4,193,33078
0.6,0.01,2,0,196,34759
0.6,0.01,2,1,196,31269
0.6,0.01,2,2,195,34865
0.6,0.01,2,3,196,35960
0.6,0.01,2,4,193,31808
0.6,0.01,3,0,191,32570
0.6,0.01,3,1,195,31310
0.6,0.01,3,2,195,26931
0.6,0.01,3,3,194,36803
0.6,0.01,3,4,196,34398
0.6,0.01,4,0,198,32053
0.6,0.01,4,1,194,31625
0.6,0.01,4,2,196,30270
0.6,0.01,4,3,193,30100
0.6,0.01,4,4,188,30971
0.6,0.01,5,0,196,31501
0.6,0.01,5,1,197,28340
0.6,0.01,5,2,195,33204
0.6,0.01,5,3,191,33176
0.6,0.01,5,4,194,31201
0.6,0.015,1,0,189,21165
0.6,0.015,1,1,189,21885
0.6,0.015,1,2,194,25418
0.6,0.015,1,3,192,21265
0.6,0.015,1,4,196,24304
0.6,0.015,2,0,192,20012
0.6,0.015,2,1,191,21755
0.6,0.015,2,2,195,21112
0.6,0.015,2,3,196,20992
0.6,0.015,2,4,193,20185
0.6,0.015,3,0,195,22286
0.6,0.015,3,1,186,20540
0.6,0.015,3,2,197,23219
0.6,0.015,3,3,193,20159
0.6,0.015,3,4,193,23099
0.6,0.015,4,0,194,22570
0.6,0.015,4,1,190,21187
0.6,0.015,4,2,188,17836
0.6,0.015,4,3,194,21449
0.6,0.015,4,4,191,19939
0.6,0.015,5,0,191,25055
0.6,0.015,5,1,194,25778
0.6,0.015,5,2,192,19136
0.6,0.015,5,3,191,17709
0.6,0.015,5,4,195,19470
0.6,0.02,1,0,198,19535
0.6,0.02,1,1,193,16202
0.6,0.02,1,2,189,19610
0.6,0.02,1,3,190,16369
0.6,0.02,1,4,189,17243
0.6,0.02,2,0,189,14924
0.6,0.02,2,1,192,15786
0.6,0.02,2,2,190,16067
0.6,0.02,2,3,190,15534
0.6,0.02,2,4,188,13780
0.6,0.02,3,0,192,16210
0.6,0.02,3,1,192,17311
0.6,0.02,3,2,196,18420
0.6,0.02,3,3,192,16870
0.6,0.02,3,4,184,16686
0.6,0.02,4,0,193,15787
0.6,0.02,4,1,187,16348
0.6,0.02,4,2,191,13838
0.6,0.02,4,3,189,15951
0.6,0.02,4,4,187,17385
0.6,0.02,5,0,189,15967
0.6,0.02,5,1,191,15637
0.6,0.02,5,2,182,16388
0.6,0.02,5,3,189,14766
0.6,0.02,5,4,190,16664
0.6,0.025,1,0,190,14780
0.6,0.025,1,1,196,11958
0.6,0.025,1,2,188,14488
0.6,0.025,1,3,195,11820
0.6,0.025,1,4,179,13211
0.6,0.025,2,0,192,13956
0.6,0.025,2,1,189,13752
0.6,0.025,2,2,193,12218
0.6,0.025,2,3,190,12847
0.6,0.025,2,4,189,11898
0.6,0.025,3,0,186,13191
0.6,0.025,3,1,191,13055
0.6,0.025,3,2,188,12734
0.6,0.025,3,3,185,11125
0.6,0.025,3,4,191,11954
0.6,0.025,4,0,190,12475
0.6,0.025,4,1,185,11135
0.6,0.025,4,2,193,15412
0.6,0.025,4,3,190,11964
0.6,0.025,4,4,185,13388
0.6,0.025,5,0,190,13458
0.6,0.025,5,1,194,12358
0.6,0.025,5,2,185,12157
0.6,0.025,5,3,178,12004
0.6,0.025,5,4,188,13925
0.6,0.03,1,0,179,10914
0.6,0.03,1,1,189,12129
0.6,0.03,1,2,192,9818
0.6,0.03,1,3,171,9907
0.6,0.03,1,4,188,11042
0.6,0.03,2,0,187,10623
0.6,0.03,2,1,184,12059
0.6,0.03,2,2,192,11129
0.6,0.03,2,3,177,10921
0.6,0.03,2,4,186,10275
0.6,0.03,3,0,184,11032
0.6,0.03,3,1,182,10716
0.6,0.03,3,2,183,9744
0.6,0.03,3,3,185,10140
0.6,0.03,3,4,175,9542
0.6,0.03,4,0,193,10314
0.6,0.03,4,1,190,10934
0.6,0.03,4,2,186,10079
0.6,0.03,4,3,189,11051
0.6,0.03,4,4,187,8930
0.6,0.03,5,0,184,10076
0.6,0.03,5,1,193,11214
0.6,0.03,5,2,187,11185
0.6,0.03,5,3,188,10147
0.6,0.03,5,4,185,10497
0.6,0.035,1,0,189,8549
0.6,0.035,1,1,183,7956
0.6,0.035,1,2,183,8652
0.6,0.035,1,3,185,8920
0.6,0.035,1,4,178,7564
0.6,0.035,2,0,188,8313
0.6,0.035,2,1,184,9318
0.6,0.035,2,2,184,9267
0.6,0.035,2,3,187,9830
0.6,0.035,2,4,186,8392
0.6,0.035,3,0,180,9044
0.6,0.035,3,1,184,9456
0.6,0.035,3,2,194,10912
0.6,0.035,3,3,195,9912
0.6,0.035,3,4,178,8671
0.6,0.035,4,0,181,8534
0.6,0.035,4,1,191,9075
0.6,0.035,4,2,190,8411
0.6,0.035,4,3,187,9231
0.6,0.035,4,4,185,9060
0.6,0.035,5,0,187,9015
0.6,0.035,5,1,187,8458
0.6,0.035,5,2,186,10841
0.6,0.035,5,3,180,9328
0.6,0.035,5,4,180,8103
0.6,0.04,1,0,185,9239
0.6,0.04,1,1,193,9151
0.6,0.04,1,2,186,9161
0.6,0.04,1,3,187,9754
0.6,0.04,1,4,179,6627
0.6,0.04,2,0,189,8295
0.6,0.04,2,1,187,7240
0.6,0.04,2,2,185,8511
0.6,0.04,2,3,190,8717
0.6,0.04,2,4,183,7905
0.6,0.04,3,0,187,7675
0.6,0.04,3,1,182,8569
0.6,0.04,3,2,190,7917
0.6,0.04,3,3,182,7707
0.6,0.04,3,4,179,8135
0.6,0.04,4,0,175,8082
0.6,0.04,4,1,181,7343
0.6,0.04,4,2,174,7641
0.6,0.04,4,3,179,7343
0.6,0.04,4,4,186,8516
0.6,0.04,5,0,177,6668
0.6,0.04,5,1,175,6821
0.6,0.04,5,2,186,7442
0.6,0.04,5,3,183,7786
0.6,0.04,5,4,182,7150
0.6,0.045,1,0,187,6451
0.6,0.045,1,1,185,6244
0.6,0.045,1,2,178,6692
0.6,0.045,1,3,172,7051
0.6,0.045,1,4,178,6392
0.6,0.045,2,0,182,7466
0.6,0.045,2,1,169,4822
0.6,0.045,2,2,183,8411
0.6,0.045,2,3,176,6704
0.6,0.045,2,4,177,7128
0.6,0.045,3,0,185,7680
0.6,0.045,3,1,176,6647
0.6,0.045,3,2,188,7889
0.6,0.045,3,3,173,5990
0.6,0.045,3,4,185,8071
0.6,0.045,4,0,178,7613
0.6,0.045,4,1,176,7034
0.6,0.045,4,2,188,7478
0.6,0.045,4,3,166,5267
0.6,0.045,4,4,179,7590
0.6,0.045,5,0,179,6545
0.6,0.045,5,1,176,5805
0.6,0.045,5,2,180,6929
0.6,0.045,5,3,182,6720
0.6,0.045,5,4,172,6879
0.6,0.05,1,0,190,7439
0.6,0.05,1,1,171,5414
0.6,0.05,1,2,178,5873
0.6,0.05,1,3,177,4910
0.6,0.05,1,4,164,5434
0.6,0.05,2,0,170,5822
0.6,0.05,2,1,181,7389
0.6,0.05,2,2,181,5532
0.6,0.05,2,3,169,5260
0.6,0.05,2,4,182,6764
0.6,0.05,3,0,188,6223
0.6,0.05,3,1,175,5689
0.6,0.05,3,2,186,5620
0.6,0.05,3,3,175,5313
0.6,0.05,3,4,179,6307
0.6,0.05,4,0,179,6524
0.6,0.05,4,1,175,5825
0.6,0.05,4,2,174,5952
0.6,0.05,4,3,183,5098
0.6,0.05,4,4,188,6830
0.6,0.05,5,0,173,6744
0.6,0.05,5,1,184,6316
0.6,0.05,5,2,172,4467
0.6,0.05,5,3,172,6000
0.6,0.05,5,4,179,5043
0.6,0.055,1,0,148,4684
0.6,0.055,1,1,186,6534
0.6,0.055,1,2,185,6127
0.6,0.055,1,3,183,5522
0.6,0.055,1,4,180,5429
0.6,0.055,2,0,182,5352
0.6,0.055,2,1,175,5700
0.6,0.055,2,2,173,5760
0.6,0.055,2,3,181,5765
0.6,0.055,2,4,166,5861
0.6,0.055,3,0,178,5724
0.6,0.055,3,1,179,5722
0.6,0.055,3,2,178,6615
0.6,0.055,3,3,186,5242
0.6,0.055,3,4,180,5501
0.6,0.055,4,0,182,5721
0.6,0.055,4,1,171,4660
0.6,0.055,4,2,162,4853
0.6,0.055,4,3,184,6665
0.6,0.055,4,4,174,4520
0.6,0.055,5,0,188,5621
0.6,0.055,5,1,182,5168
0.6,0.055,5,2,176,5975
0.6,0.055,5,3,180,5754
0.6,0.055,5,4,178,5757
0.6,0.06,1,0,177,5263
0.6,0.06,1,1,180,5409
0.6,0.06,1,2,180,5813
0.6,0.06,1,3,186,6657
0.6,0.06,1,4,172,5400
0.6,0.06,2,0,184,5928
0.6,0.06,2,1,171,5241
0.6,0.06,2,2,175,4276
0.6,0.06,2,3,180,5142
0.6,0.06,2,4,177,5065
0.6,0.06,3,0,169,4524
0.6,0.06,3,1,172,5166
0.6,0.06,3,2,170,4817
0.6,0.06,3,3,167,5051
0.6,0.06,3,4,172,4804
0.6,0.06,4,0,172,5542
0.6,0.06,4,1,173,4637
0.6,0.06,4,2,177,4951
0.6,0.06,4,3,180,5518
0.6,0.06,4,4,177,4762
0.6,0.06,5,0,176,4423
0.6,0.06,5,1,168,4536
0.6,0.06,5,2,178,5024
0.6,0.06,5,3,167,4665
0.6,0.06,5,4,181,5668
